Position,Const,Created,Modified,Description,Title,URL,Title Type,IMDb Rating,Runtime (mins),Year,Genres,Num Votes,Release Date,Directors,Your Rating,Date Rated
1,tt0110912,2018-04-08,2018-04-08,,Pulp Fiction,https://www.imdb.com/title/tt0110912/,movie,8.9,154,1994,"Crime, Drama",1877097,1994-05-21,Quentin Tarantino,8,2020-04-29
2,tt0114709,2018-04-08,2018-04-08,,Toy Story,https://www.imdb.com/title/tt0114709/,movie,8.3,81,1995,"Animation, Adventure, Comedy, Family, Fantasy",911726,1995-11-19,John Lasseter,9,2020-05-10
3,tt2527336,2018-04-08,2018-04-08,,Star Wars: Episode VIII - The Last Jedi,https://www.imdb.com/title/tt2527336/,movie,7.0,152,2017,"Action, Adventure, Fantasy, Sci-Fi",580024,2017-12-09,Rian Johnson,7,2020-05-02
4,tt0076759,2018-04-08,2018-04-08,,Star Wars,https://www.imdb.com/title/tt0076759/,movie,8.6,121,1977,"Action, Adventure, Fantasy, Sci-Fi",1258472,1977-05-25,George Lucas,9,2020-05-02
5,tt0120915,2018-04-08,2018-04-08,,Star Wars: Episode I - The Phantom Menace,https://www.imdb.com/title/tt0120915/,movie,6.5,136,1999,"Action, Adventure, Fantasy, Sci-Fi",746986,1999-05-16,George Lucas,7,2020-05-02
6,tt0121765,2018-04-08,2018-04-08,,Star Wars: Episode II - Attack of the Clones,https://www.imdb.com/title/tt0121765/,movie,6.5,142,2002,"Action, Adventure, Fantasy, Sci-Fi",657218,2002-05-12,George Lucas,7,2020-05-02
7,tt0121766,2018-04-08,2018-04-08,,Star Wars: Episode III - Revenge of the Sith,https://www.imdb.com/title/tt0121766/,movie,7.5,140,2005,"Action, Adventure, Fantasy, Sci-Fi",728442,2005-05-12,George Lucas,7,2020-05-02
8,tt0080684,2018-04-08,2018-04-08,,Star Wars: Episode V - The Empire Strikes Back,https://www.imdb.com/title/tt0080684/,movie,8.7,124,1980,"Action, Adventure, Fantasy, Sci-Fi",1186389,1980-05-17,Irvin Kershner,9,2020-05-02
9,tt0086190,2018-04-08,2018-04-08,,Star Wars: Episode VI - Return of the Jedi,https://www.imdb.com/title/tt0086190/,movie,8.3,131,1983,"Action, Adventure, Fantasy, Sci-Fi",972024,1983-05-25,Richard Marquand,9,2020-05-18
10,tt3748528,2018-04-08,2018-04-08,,Rogue One,https://www.imdb.com/title/tt3748528/,movie,7.8,133,2016,"Action, Adventure, Sci-Fi",571639,2016-12-10,Gareth Edwards,6,2020-05-02
11,tt0120737,2018-04-08,2018-04-08,,The Lord of the Rings: The Fellowship of the Ring,https://www.imdb.com/title/tt0120737/,movie,8.8,178,2001,"Action, Adventure, Drama, Fantasy",1704831,2001-12-10,Peter Jackson,10,2020-04-29
12,tt0167260,2018-04-08,2018-04-08,,The Lord of the Rings: The Return of the King,https://www.imdb.com/title/tt0167260/,movie,8.9,201,2003,"Action, Adventure, Drama, Fantasy",1683741,2003-12-01,Peter Jackson,10,2020-04-29
13,tt0167261,2018-04-08,2018-04-08,,The Lord of the Rings: The Two Towers,https://www.imdb.com/title/tt0167261/,movie,8.7,179,2002,"Action, Adventure, Drama, Fantasy",1522316,2002-12-05,Peter Jackson,10,2020-04-29
14,tt0111161,2018-04-08,2018-04-08,,The Shawshank Redemption,https://www.imdb.com/title/tt0111161/,movie,9.3,142,1994,Drama,2419048,1994-09-10,Frank Darabont,10,2020-06-03
15,tt0468569,2018-04-08,2018-04-08,,The Dark Knight,https://www.imdb.com/title/tt0468569/,movie,9.0,152,2008,"Action, Crime, Drama, Thriller",2376417,2008-07-14,Christopher Nolan,10,2020-04-29
16,tt0078748,2018-04-08,2018-04-08,,Alien,https://www.imdb.com/title/tt0078748/,movie,8.4,117,1979,"Horror, Sci-Fi",809356,1979-05-25,Ridley Scott,6,2020-05-02
17,tt0088763,2018-04-08,2018-04-08,,Back to the Future,https://www.imdb.com/title/tt0088763/,movie,8.5,116,1985,"Adventure, Comedy, Sci-Fi",1091891,1985-07-03,Robert Zemeckis,7,2020-05-08
18,tt0120815,2018-04-08,2018-04-08,,Saving Private Ryan,https://www.imdb.com/title/tt0120815/,movie,8.6,169,1998,"Drama, War",1272574,1998-07-21,Steven Spielberg,9,2020-04-29
19,tt0910970,2018-04-08,2018-04-08,,WALL·E,https://www.imdb.com/title/tt0910970/,movie,8.4,98,2008,"Animation, Adventure, Family, Romance, Sci-Fi",1027054,2008-06-21,Andrew Stanton,10,2020-05-02
20,tt0082971,2018-04-08,2018-04-08,,Raiders of the Lost Ark,https://www.imdb.com/title/tt0082971/,movie,8.4,115,1981,"Action, Adventure",903805,1981-06-12,Steven Spielberg,8,2020-05-02
21,tt0032553,2018-04-08,2018-04-08,,The Great Dictator,https://www.imdb.com/title/tt0032553/,movie,8.4,125,1940,"Comedy, Drama, War",208230,1940-10-15,Charles Chaplin,8,2020-05-02
22,tt0435761,2018-04-08,2018-04-08,,Toy Story 3,https://www.imdb.com/title/tt0435761/,movie,8.2,103,2010,"Animation, Adventure, Comedy, Family, Fantasy",775146,2010-06-12,Lee Unkrich,8,2020-05-17
23,tt0120363,2018-04-08,2018-04-08,,Toy Story 2,https://www.imdb.com/title/tt0120363/,movie,7.9,92,1999,"Animation, Adventure, Comedy, Family, Fantasy",539385,1999-11-13,"John Lasseter, Ash Brannon, Lee Unkrich",8,2020-05-17
24,tt0101414,2018-04-08,2018-04-08,,Beauty and the Beast,https://www.imdb.com/title/tt0101414/,movie,8.0,84,1991,"Animation, Family, Fantasy, Musical, Romance",423821,1991-09-29,"Gary Trousdale, Kirk Wise",7,2020-05-17
25,tt1049413,2018-04-08,2018-04-08,,Up,https://www.imdb.com/title/tt1049413/,movie,8.2,96,2009,"Animation, Adventure, Comedy, Family",960920,2009-05-13,"Pete Docter, Bob Peterson",8,2020-05-17
26,tt3890160,2018-04-08,2018-04-08,,Baby Driver,https://www.imdb.com/title/tt3890160/,movie,7.6,113,2017,"Action, Crime, Drama, Music, Thriller",464632,2017-03-11,Edgar Wright,8,2020-05-02
27,tt0110357,2018-04-08,2018-04-08,,The Lion King,https://www.imdb.com/title/tt0110357/,movie,8.5,88,1994,"Animation, Adventure, Drama, Family, Musical",968668,1994-06-12,"Rob Minkoff, Roger Allers",9,2020-05-17
28,tt0266543,2018-04-08,2018-04-08,,Finding Nemo,https://www.imdb.com/title/tt0266543/,movie,8.1,100,2003,"Animation, Adventure, Comedy, Family",971085,2003-05-18,"Andrew Stanton, Lee Unkrich",10,2020-05-08
29,tt1392190,2018-04-08,2018-04-08,,Mad Max: Fury Road,https://www.imdb.com/title/tt1392190/,movie,8.1,120,2015,"Action, Adventure, Sci-Fi, Thriller",911004,2015-05-07,George Miller,9,2020-05-02
30,tt0079501,2018-04-08,2018-04-08,,Mad Max,https://www.imdb.com/title/tt0079501/,movie,6.9,88,1979,"Action, Adventure, Sci-Fi, Thriller",195805,1979-04-12,George Miller,6,2020-05-02
31,tt0382932,2018-04-08,2018-04-08,,Ratatouille,https://www.imdb.com/title/tt0382932/,movie,8.0,111,2007,"Animation, Adventure, Comedy, Family, Fantasy",659540,2007-06-22,"Brad Bird, Jan Pinkava",8,2020-05-17
32,tt0407887,2018-04-08,2018-04-08,,The Departed,https://www.imdb.com/title/tt0407887/,movie,8.5,151,2006,"Crime, Drama, Thriller",1222148,2006-09-26,Martin Scorsese,9,2020-05-02
33,tt0477348,2018-04-08,2018-04-08,,No Country for Old Men,https://www.imdb.com/title/tt0477348/,movie,8.1,122,2007,"Crime, Drama, Thriller",885193,2007-05-19,"Joel Coen, Ethan Coen",9,2020-05-02
34,tt0083658,2018-04-08,2018-04-08,,Blade Runner,https://www.imdb.com/title/tt0083658/,movie,8.1,117,1982,"Action, Sci-Fi, Thriller",709930,1982-06-25,Ridley Scott,7,2020-05-02
35,tt0120382,2018-04-08,2018-04-08,,The Truman Show,https://www.imdb.com/title/tt0120382/,movie,8.1,103,1998,"Comedy, Drama",971093,1998-06-01,Peter Weir,8,2020-05-17
36,tt1856101,2018-04-08,2018-04-08,,Blade Runner 2049,https://www.imdb.com/title/tt1856101/,movie,8.0,164,2017,"Action, Drama, Mystery, Sci-Fi, Thriller",484829,2017-10-03,Denis Villeneuve,10,2021-01-30
37,tt0241527,2018-04-08,2018-04-08,,Harry Potter and the Sorcerer's Stone,https://www.imdb.com/title/tt0241527/,movie,7.6,152,2001,"Adventure, Family, Fantasy",683713,2001-11-04,Chris Columbus,8,2020-05-17
38,tt0295297,2018-04-08,2018-04-08,,Harry Potter and the Chamber of Secrets,https://www.imdb.com/title/tt0295297/,movie,7.4,161,2002,"Adventure, Family, Fantasy, Mystery",571386,2002-11-03,Chris Columbus,8,2020-05-17
39,tt0304141,2018-04-08,2018-04-08,,Harry Potter and the Prisoner of Azkaban,https://www.imdb.com/title/tt0304141/,movie,7.9,142,2004,"Adventure, Family, Fantasy, Mystery",569414,2004-05-23,Alfonso Cuarón,8,2020-05-17
40,tt0330373,2018-04-08,2018-04-08,,Harry Potter and the Goblet of Fire,https://www.imdb.com/title/tt0330373/,movie,7.7,157,2005,"Adventure, Family, Fantasy, Mystery",565033,2005-11-06,Mike Newell,8,2020-05-17
41,tt0373889,2018-04-08,2018-04-08,,Harry Potter and the Order of the Phoenix,https://www.imdb.com/title/tt0373889/,movie,7.5,138,2007,"Action, Adventure, Family, Fantasy, Mystery",526468,2007-06-28,David Yates,8,2020-05-17
42,tt0417741,2018-04-08,2018-04-08,,Harry Potter and the Half-Blood Prince,https://www.imdb.com/title/tt0417741/,movie,7.6,153,2009,"Action, Adventure, Family, Fantasy, Mystery",491095,2009-07-06,David Yates,8,2020-05-17
43,tt0926084,2018-04-08,2018-04-08,,Harry Potter and the Deathly Hallows: Part 1,https://www.imdb.com/title/tt0926084/,movie,7.7,146,2010,"Adventure, Family, Fantasy, Mystery",494370,2010-11-11,David Yates,8,2020-05-17
44,tt1201607,2018-04-08,2018-04-08,,Harry Potter and the Deathly Hallows: Part 2,https://www.imdb.com/title/tt1201607/,movie,8.1,130,2011,"Adventure, Drama, Fantasy, Mystery",789411,2011-07-07,David Yates,8,2020-05-17
45,tt0103639,2018-04-08,2018-04-08,,Aladdin,https://www.imdb.com/title/tt0103639/,movie,8.0,90,1992,"Animation, Adventure, Comedy, Family, Fantasy, Musical, Romance",381730,1992-11-08,"Ron Clements, John Musker",8,2020-05-17
46,tt0093779,2018-04-08,2018-04-08,,The Princess Bride,https://www.imdb.com/title/tt0093779/,movie,8.1,98,1987,"Adventure, Family, Fantasy, Romance",401464,1987-09-18,Rob Reiner,7,2020-05-17
47,tt0114814,2018-04-08,2018-04-08,,The Usual Suspects,https://www.imdb.com/title/tt0114814/,movie,8.5,106,1995,"Crime, Mystery, Thriller",1013706,1995-01-25,Bryan Singer,9,2020-11-19
48,tt0119217,2018-04-08,2018-04-08,,Good Will Hunting,https://www.imdb.com/title/tt0119217/,movie,8.3,126,1997,"Drama, Romance",886573,1997-12-02,Gus Van Sant,10,2020-05-18
49,tt2948356,2018-04-08,2018-04-08,,Zootopia,https://www.imdb.com/title/tt2948356/,movie,8.0,108,2016,"Animation, Adventure, Comedy, Crime, Family, Mystery",449565,2016-02-11,"Rich Moore, Jared Bush, Byron Howard",6,2020-05-17
50,tt0198781,2018-04-08,2018-04-08,,"Monsters, Inc.",https://www.imdb.com/title/tt0198781/,movie,8.1,92,2001,"Animation, Adventure, Comedy, Family, Fantasy",836909,2001-10-28,"David Silverman, Pete Docter, Lee Unkrich",8,2020-05-17
51,tt1853728,2018-04-08,2018-04-08,,Django Unchained,https://www.imdb.com/title/tt1853728/,movie,8.4,165,2012,"Drama, Western",1401385,2012-12-11,Quentin Tarantino,8,2020-05-17
52,tt1454468,2018-04-08,2018-04-08,,Gravity,https://www.imdb.com/title/tt1454468/,movie,7.7,91,2013,"Drama, Sci-Fi, Thriller",783087,2013-08-28,Alfonso Cuarón,7,2020-05-17
53,tt0440963,2018-04-08,2018-04-08,,The Bourne Ultimatum,https://www.imdb.com/title/tt0440963/,movie,8.0,115,2007,"Action, Mystery, Thriller",611873,2007-07-25,Paul Greengrass,8,2020-05-10
54,tt0317705,2018-04-08,2018-04-08,,The Incredibles,https://www.imdb.com/title/tt0317705/,movie,8.0,115,2004,"Animation, Action, Adventure, Family",671963,2004-10-27,Brad Bird,8,2020-05-17
55,tt0095016,2018-04-08,2018-04-08,,Die Hard,https://www.imdb.com/title/tt0095016/,movie,8.2,132,1988,"Action, Thriller",809040,1988-07-12,John McTiernan,8,2020-05-17
56,tt3521164,2018-04-08,2018-04-08,,Moana,https://www.imdb.com/title/tt3521164/,movie,7.6,107,2016,"Animation, Adventure, Comedy, Family, Fantasy, Musical",288189,2016-11-14,"Don Hall, Ron Clements, Chris Williams, John Musker",7,2020-05-17
57,tt0365748,2018-04-08,2018-04-08,,Shaun of the Dead,https://www.imdb.com/title/tt0365748/,movie,7.9,99,2004,"Comedy, Horror",524078,2004-03-29,Edgar Wright,8,2020-05-17
58,tt1010048,2018-04-08,2018-04-08,,Slumdog Millionaire,https://www.imdb.com/title/tt1010048/,movie,8.0,120,2008,"Drama, Romance",811387,2008-08-30,"Loveleen Tandan, Danny Boyle",8,2020-05-17
59,tt0796366,2018-04-08,2018-04-08,,Star Trek,https://www.imdb.com/title/tt0796366/,movie,7.9,127,2009,"Action, Adventure, Sci-Fi",584109,2009-04-06,J.J. Abrams,7,2020-05-17
60,tt0425112,2018-04-08,2018-04-08,,Hot Fuzz,https://www.imdb.com/title/tt0425112/,movie,7.8,121,2007,"Action, Comedy, Mystery, Thriller",475461,2007-02-13,Edgar Wright,8,2020-05-17
61,tt2488496,2018-04-08,2018-04-08,,Star Wars: Episode VII - The Force Awakens,https://www.imdb.com/title/tt2488496/,movie,7.8,138,2015,"Action, Adventure, Sci-Fi",875549,2015-12-14,J.J. Abrams,8,2020-05-17
62,tt1490017,2018-04-08,2018-04-08,,The Lego Movie,https://www.imdb.com/title/tt1490017/,movie,7.7,100,2014,"Animation, Action, Adventure, Comedy, Family, Fantasy",330403,2014-02-01,"Christopher Miller, Phil Lord",7,2020-05-10
63,tt0264464,2018-04-08,2018-04-08,,Catch Me If You Can,https://www.imdb.com/title/tt0264464/,movie,8.1,141,2002,"Biography, Crime, Drama",865196,2002-12-16,Steven Spielberg,7,2020-05-17
64,tt0109830,2018-04-08,2018-04-08,,Forrest Gump,https://www.imdb.com/title/tt0109830/,movie,8.8,142,1994,"Drama, Romance",1868593,1994-06-23,Robert Zemeckis,9,2020-06-03
65,tt2543164,2018-04-08,2018-04-08,,Arrival,https://www.imdb.com/title/tt2543164/,movie,7.9,116,2016,"Drama, Sci-Fi",619956,2016-09-01,Denis Villeneuve,8,2020-05-17
66,tt1825683,2018-04-08,2018-04-08,,Black Panther,https://www.imdb.com/title/tt1825683/,movie,7.3,134,2018,"Action, Adventure, Sci-Fi",659339,2018-01-29,Ryan Coogler,7,2020-05-17
67,tt0083866,2018-04-08,2018-04-08,,E.T. the Extra-Terrestrial,https://www.imdb.com/title/tt0083866/,movie,7.8,115,1982,"Family, Sci-Fi",380809,1982-05-26,Steven Spielberg,7,2020-05-17
68,tt3659388,2018-04-08,2018-04-08,,The Martian,https://www.imdb.com/title/tt3659388/,movie,8.0,144,2015,"Adventure, Drama, Sci-Fi",782444,2015-09-11,Ridley Scott,8,2020-05-02
69,tt0107048,2018-04-08,2018-04-08,,Groundhog Day,https://www.imdb.com/title/tt0107048/,movie,8.0,101,1993,"Comedy, Fantasy, Romance",589036,1993-02-04,Harold Ramis,7,2020-05-17
70,tt0266697,2018-04-08,2018-04-08,,Kill Bill: Vol. 1,https://www.imdb.com/title/tt0266697/,movie,8.1,111,2003,"Action, Crime, Drama, Thriller",1027693,2003-09-29,Quentin Tarantino,7,2020-05-17
71,tt0378194,2018-04-08,2018-04-08,,Kill Bill: Vol. 2,https://www.imdb.com/title/tt0378194/,movie,8.0,137,2004,"Action, Crime, Thriller",700786,2004-04-08,Quentin Tarantino,7,2020-05-17
72,tt2250912,2018-04-08,2018-04-08,,Spider-Man: Homecoming,https://www.imdb.com/title/tt2250912/,movie,7.4,133,2017,"Action, Adventure, Sci-Fi",538834,2017-06-28,Jon Watts,7,2020-05-17
73,tt0137523,2018-04-08,2018-04-08,,Fight Club,https://www.imdb.com/title/tt0137523/,movie,8.8,139,1999,Drama,1907872,1999-09-10,David Fincher,9,2020-05-10
74,tt0107290,2018-04-08,2018-04-08,,Jurassic Park,https://www.imdb.com/title/tt0107290/,movie,8.1,127,1993,"Action, Adventure, Sci-Fi, Thriller",892826,1993-06-09,Steven Spielberg,7,2020-05-17
75,tt0126029,2018-04-08,2018-04-08,,Shrek,https://www.imdb.com/title/tt0126029/,movie,7.9,90,2001,"Animation, Adventure, Comedy, Family, Fantasy",629495,2001-04-22,"Vicky Jenson, Andrew Adamson",7,2020-05-17
76,tt0133093,2018-04-08,2018-04-08,,The Matrix,https://www.imdb.com/title/tt0133093/,movie,8.7,136,1999,"Action, Sci-Fi",1723933,1999-03-24,"Lilly Wachowski, Lana Wachowski",10,2020-04-29
77,tt1398426,2018-04-08,2018-04-08,,Straight Outta Compton,https://www.imdb.com/title/tt1398426/,movie,7.8,147,2015,"Biography, Drama, History, Music",185088,2015-08-11,F. Gary Gray,8,2020-05-02
78,tt1074638,2018-04-08,2018-04-08,,Skyfall,https://www.imdb.com/title/tt1074638/,movie,7.7,143,2012,"Action, Adventure, Thriller",641408,2012-10-23,Sam Mendes,8,2020-05-02
79,tt1345836,2018-04-08,2018-04-08,,The Dark Knight Rises,https://www.imdb.com/title/tt1345836/,movie,8.4,164,2012,"Action, Adventure",1555942,2012-07-16,Christopher Nolan,8,2020-05-17
80,tt0361748,2018-04-08,2018-04-08,,Inglourious Basterds,https://www.imdb.com/title/tt0361748/,movie,8.3,153,2009,"Adventure, Drama, War",1309500,2009-05-20,Quentin Tarantino,8,2020-05-17
81,tt0114369,2018-04-08,2018-04-08,,Se7en,https://www.imdb.com/title/tt0114369/,movie,8.6,127,1995,"Crime, Drama, Mystery, Thriller",1489589,1995-09-15,David Fincher,9,2020-04-29
82,tt1136608,2018-04-08,2018-04-08,,District 9,https://www.imdb.com/title/tt1136608/,movie,7.9,112,2009,"Action, Sci-Fi, Thriller",647738,2009-08-13,Neill Blomkamp,8,2020-12-26
83,tt2911666,2018-04-08,2018-04-08,,John Wick,https://www.imdb.com/title/tt2911666/,movie,7.4,101,2014,"Action, Crime, Thriller",563537,2014-09-19,"David Leitch, Chad Stahelski",8,2020-05-17
84,tt4425200,2018-04-08,2018-04-08,,John Wick: Chapter 2,https://www.imdb.com/title/tt4425200/,movie,7.5,122,2017,"Action, Crime, Thriller",384175,2017-01-30,Chad Stahelski,8,2020-05-17
85,tt0118715,2018-04-08,2018-04-08,,The Big Lebowski,https://www.imdb.com/title/tt0118715/,movie,8.1,117,1998,"Comedy, Crime, Sport",752695,1998-01-18,"Joel Coen, Ethan Coen",7,2020-05-17
86,tt2084970,2018-04-08,2018-04-08,,The Imitation Game,https://www.imdb.com/title/tt2084970/,movie,8.0,114,2014,"Biography, Drama, Thriller, War",706241,2014-08-29,Morten Tyldum,8,2020-10-11
87,tt3501632,2018-04-08,2018-04-08,,Thor: Ragnarok,https://www.imdb.com/title/tt3501632/,movie,7.9,130,2017,"Action, Adventure, Comedy, Fantasy, Sci-Fi",625629,2017-10-10,Taika Waititi,8,2020-05-17
88,tt3416742,2018-04-08,2018-04-08,,What We Do in the Shadows,https://www.imdb.com/title/tt3416742/,movie,7.7,86,2014,"Comedy, Horror",163415,2014-01-19,"Jemaine Clement, Taika Waititi",8,2020-05-17
89,tt2245084,2018-04-08,2018-04-08,,Big Hero 6,https://www.imdb.com/title/tt2245084/,movie,7.8,102,2014,"Animation, Action, Adventure, Family, Sci-Fi",422577,2014-10-23,"Chris Williams, Don Hall",7,2020-05-17
90,tt1979320,2018-04-08,2018-04-08,,Rush,https://www.imdb.com/title/tt1979320/,movie,8.1,123,2013,"Action, Biography, Drama, Sport",445971,2013-09-02,Ron Howard,8,2020-05-17
91,tt0372784,2018-04-08,2018-04-08,,Batman Begins,https://www.imdb.com/title/tt0372784/,movie,8.2,140,2005,"Action, Adventure",1341272,2005-05-31,Christopher Nolan,7,2020-05-17
92,tt2103281,2018-04-08,2018-04-08,,Dawn of the Planet of the Apes,https://www.imdb.com/title/tt2103281/,movie,7.6,130,2014,"Action, Adventure, Drama, Sci-Fi",418327,2014-06-26,Matt Reeves,7,2020-05-17
94,tt0848228,2018-04-08,2018-04-08,,The Avengers,https://www.imdb.com/title/tt0848228/,movie,8.0,143,2012,"Action, Adventure, Sci-Fi",1290441,2012-04-11,Joss Whedon,7,2020-05-17
94,tt0114746,2018-04-08,2018-04-08,,Twelve Monkeys,https://www.imdb.com/title/tt0114746/,movie,8.0,129,1995,"Mystery, Sci-Fi, Thriller",589121,1995-12-08,Terry Gilliam,7,2020-05-17
95,tt1877832,2018-04-08,2018-04-08,,X-Men: Days of Future Past,https://www.imdb.com/title/tt1877832/,movie,7.9,132,2014,"Action, Adventure, Sci-Fi, Thriller",672399,2014-05-10,Bryan Singer,7,2020-05-17
96,tt3498820,2018-04-08,2018-04-08,,Captain America: Civil War,https://www.imdb.com/title/tt3498820/,movie,7.8,147,2016,"Action, Adventure, Sci-Fi",692834,2016-04-12,"Anthony Russo, Joe Russo",7,2020-05-17
97,tt1631867,2018-04-08,2018-04-08,,Edge of Tomorrow,https://www.imdb.com/title/tt1631867/,movie,7.9,113,2014,"Action, Adventure, Sci-Fi",618970,2014-05-28,Doug Liman,8,2020-05-17
98,tt2119532,2018-04-08,2018-04-08,,Hacksaw Ridge,https://www.imdb.com/title/tt2119532/,movie,8.1,139,2016,"Biography, Drama, History, War",456495,2016-09-04,Mel Gibson,8,2020-05-17
99,tt1276104,2018-04-08,2018-04-08,,Looper,https://www.imdb.com/title/tt1276104/,movie,7.4,113,2012,"Action, Drama, Sci-Fi, Thriller",544117,2012-09-06,Rian Johnson,8,2020-05-17
100,tt1843866,2018-04-08,2018-04-08,,Captain America: The Winter Soldier,https://www.imdb.com/title/tt1843866/,movie,7.7,136,2014,"Action, Adventure, Sci-Fi, Thriller",762604,2014-03-13,"Anthony Russo, Joe Russo",7,2020-05-17
101,tt0454876,2018-04-08,2018-04-08,,Life of Pi,https://www.imdb.com/title/tt0454876/,movie,7.9,127,2012,"Adventure, Drama, Fantasy",593141,2012-09-28,Ang Lee,8,2020-05-17
102,tt1182345,2018-04-08,2018-04-08,,Moon,https://www.imdb.com/title/tt1182345/,movie,7.8,97,2009,"Drama, Mystery, Sci-Fi",341562,2009-01-23,Duncan Jones,8,2020-05-17
103,tt3040964,2018-04-08,2018-04-08,,The Jungle Book,https://www.imdb.com/title/tt3040964/,movie,7.4,106,2016,"Adventure, Drama, Family, Fantasy",263632,2016-04-04,Jon Favreau,7,2020-05-17
104,tt0061852,2018-04-08,2018-04-08,,The Jungle Book,https://www.imdb.com/title/tt0061852/,movie,7.6,78,1967,"Animation, Adventure, Family, Musical",170084,1967-10-18,Wolfgang Reitherman,8,2020-05-17
105,tt4116284,2018-04-08,2018-04-08,,The Lego Batman Movie,https://www.imdb.com/title/tt4116284/,movie,7.3,104,2017,"Animation, Action, Comedy, Family",135047,2017-02-01,Chris McKay,7,2020-05-10
106,tt0181689,2018-04-08,2018-04-08,,Minority Report,https://www.imdb.com/title/tt0181689/,movie,7.6,145,2002,"Action, Crime, Mystery, Sci-Fi, Thriller",519023,2002-06-17,Steven Spielberg,8,2020-05-17
107,tt0316654,2018-04-08,2018-04-08,,Spider-Man 2,https://www.imdb.com/title/tt0316654/,movie,7.3,127,2004,"Action, Adventure, Sci-Fi",558579,2004-06-25,Sam Raimi,7,2020-05-17
108,tt0443706,2018-04-08,2018-04-08,,Zodiac,https://www.imdb.com/title/tt0443706/,movie,7.7,157,2007,"Crime, Drama, Mystery, Thriller",485476,2007-02-28,David Fincher,8,2020-05-17
109,tt0443453,2018-04-08,2018-04-08,,Borat: Cultural Learnings of America for Make Benefit Glorious Nation of Kazakhstan,https://www.imdb.com/title/tt0443453/,movie,7.3,84,2006,Comedy,386726,2006-08-04,Larry Charles,6,2020-05-17
110,tt0482571,2018-04-08,2018-04-08,,The Prestige,https://www.imdb.com/title/tt0482571/,movie,8.5,130,2006,"Drama, Mystery, Sci-Fi, Thriller",1225395,2006-10-17,Christopher Nolan,8,2020-05-17
111,tt0829482,2018-04-08,2018-04-08,,Superbad,https://www.imdb.com/title/tt0829482/,movie,7.6,113,2007,Comedy,534634,2007-08-17,Greg Mottola,8,2020-05-17
112,tt1951264,2018-04-08,2018-04-08,,The Hunger Games: Catching Fire,https://www.imdb.com/title/tt1951264/,movie,7.5,146,2013,"Action, Adventure, Mystery, Sci-Fi, Thriller",625150,2013-11-11,Francis Lawrence,6,2020-05-17
113,tt0780536,2018-04-08,2018-04-08,,In Bruges,https://www.imdb.com/title/tt0780536/,movie,7.9,107,2008,"Comedy, Crime, Drama, Thriller",397739,2008-01-17,Martin McDonagh,8,2020-05-17
114,tt0258463,2018-04-08,2018-04-08,,The Bourne Identity,https://www.imdb.com/title/tt0258463/,movie,7.9,119,2002,"Action, Mystery, Thriller",518623,2002-06-06,Doug Liman,8,2020-05-10
115,tt1156398,2018-04-08,2018-04-08,,Zombieland,https://www.imdb.com/title/tt1156398/,movie,7.6,88,2009,"Adventure, Comedy, Fantasy, Horror, Sci-Fi",533585,2009-09-25,Ruben Fleischer,8,2020-05-17
116,tt0816692,2018-04-08,2018-04-08,,Interstellar,https://www.imdb.com/title/tt0816692/,movie,8.6,169,2014,"Adventure, Drama, Sci-Fi",1578587,2014-10-26,Christopher Nolan,10,2018-04-08
117,tt1663202,2018-04-08,2018-04-08,,The Revenant,https://www.imdb.com/title/tt1663202/,movie,8.0,156,2015,"Action, Adventure, Drama, History, Western",728253,2015-12-16,Alejandro G. Iñárritu,8,2020-05-17
118,tt0372183,2018-04-08,2018-04-08,,The Bourne Supremacy,https://www.imdb.com/title/tt0372183/,movie,7.7,108,2004,"Action, Mystery, Thriller",442241,2004-07-16,Paul Greengrass,8,2020-05-10
119,tt0172495,2018-04-08,2018-04-08,,Gladiator,https://www.imdb.com/title/tt0172495/,movie,8.5,155,2000,"Action, Adventure, Drama",1377226,2000-05-01,Ridley Scott,9,2020-04-29
120,tt0158983,2018-04-08,2018-04-08,,"South Park: Bigger, Longer & Uncut",https://www.imdb.com/title/tt0158983/,movie,7.7,81,1999,"Animation, Comedy, Fantasy, Musical",194805,1999-06-30,Trey Parker,7,2020-05-17
121,tt1408101,2018-04-08,2018-04-08,,Star Trek Into Darkness,https://www.imdb.com/title/tt1408101/,movie,7.7,132,2013,"Action, Adventure, Sci-Fi",468162,2013-05-02,J.J. Abrams,8,2020-05-17
122,tt1431045,2018-04-08,2018-04-08,,Deadpool,https://www.imdb.com/title/tt1431045/,movie,8.0,108,2016,"Action, Adventure, Comedy, Sci-Fi",930779,2016-01-21,Tim Miller,7,2020-05-17
123,tt0499549,2018-04-08,2018-04-08,,Avatar,https://www.imdb.com/title/tt0499549/,movie,7.8,162,2009,"Action, Adventure, Fantasy, Sci-Fi",1142866,2009-12-10,James Cameron,8,2020-05-17
124,tt1211837,2018-04-08,2018-04-08,,Doctor Strange,https://www.imdb.com/title/tt1211837/,movie,7.5,115,2016,"Action, Adventure, Fantasy, Sci-Fi",626744,2016-10-13,Scott Derrickson,7,2020-05-17
125,tt0945513,2018-04-08,2018-04-08,,Source Code,https://www.imdb.com/title/tt0945513/,movie,7.5,93,2011,"Action, Drama, Mystery, Sci-Fi, Thriller",494431,2011-03-11,Duncan Jones,8,2020-05-17
126,tt0112573,2018-04-08,2018-04-08,,Braveheart,https://www.imdb.com/title/tt0112573/,movie,8.3,178,1995,"Biography, Drama, History, War",977872,1995-05-18,Mel Gibson,7,2020-11-18
127,tt1675434,2018-04-08,2018-04-08,,Intouchables,https://www.imdb.com/title/tt1675434/,movie,8.5,112,2011,"Biography, Comedy, Drama",784523,2011-09-23,"Olivier Nakache, Éric Toledano",7,2020-05-17
128,tt1855199,2018-04-08,2018-04-08,,End of Watch,https://www.imdb.com/title/tt1855199/,movie,7.6,109,2012,"Action, Crime, Drama, Thriller",232614,2012-09-08,David Ayer,8,2020-05-17
129,tt0111257,2018-04-08,2018-04-08,,Speed,https://www.imdb.com/title/tt0111257/,movie,7.2,116,1994,"Action, Adventure, Thriller",338452,1994-06-07,Jan de Bont,6,2020-05-17
130,tt1270798,2018-04-08,2018-04-08,,X: First Class,https://www.imdb.com/title/tt1270798/,movie,7.7,131,2011,"Action, Adventure, Sci-Fi",656465,2011-05-25,Matthew Vaughn,7,2020-05-17
131,tt0240772,2018-04-08,2018-04-08,,Ocean's Eleven,https://www.imdb.com/title/tt0240772/,movie,7.7,116,2001,"Crime, Thriller",530534,2001-12-05,Steven Soderbergh,8,2020-05-10
132,tt2015381,2018-04-08,2018-04-08,,Guardians of the Galaxy,https://www.imdb.com/title/tt2015381/,movie,8.0,121,2014,"Action, Adventure, Comedy, Sci-Fi",1073434,2014-07-21,James Gunn,7,2020-05-17
133,tt3896198,2018-04-08,2018-04-08,,Guardians of the Galaxy Vol. 2,https://www.imdb.com/title/tt3896198/,movie,7.6,136,2017,"Action, Adventure, Comedy, Sci-Fi",595146,2017-04-10,James Gunn,8,2020-05-17
134,tt0446029,2018-04-08,2018-04-08,,Scott Pilgrim vs. the World,https://www.imdb.com/title/tt0446029/,movie,7.5,112,2010,"Action, Comedy, Fantasy, Romance",393994,2010-07-27,Edgar Wright,8,2020-05-17
135,tt0119654,2018-04-08,2018-04-08,,Men in Black,https://www.imdb.com/title/tt0119654/,movie,7.3,98,1997,"Action, Adventure, Comedy, Sci-Fi",528043,1997-06-25,Barry Sonnenfeld,7,2020-05-17
136,tt2980516,2018-04-08,2018-04-08,,The Theory of Everything,https://www.imdb.com/title/tt2980516/,movie,7.7,123,2014,"Biography, Drama, Romance",417042,2014-09-07,James Marsh,8,2020-05-17
137,tt1232829,2018-04-08,2018-04-08,,21 Jump Street,https://www.imdb.com/title/tt1232829/,movie,7.2,109,2012,"Action, Comedy, Crime",520860,2012-03-12,"Christopher Miller, Phil Lord",8,2020-05-17
138,tt0332379,2018-04-08,2018-04-08,,The School of Rock,https://www.imdb.com/title/tt0332379/,movie,7.1,109,2003,"Comedy, Music",282631,2003-09-09,Richard Linklater,7,2020-05-17
139,tt1318514,2018-04-08,2018-04-08,,Rise of the Planet of the Apes,https://www.imdb.com/title/tt1318514/,movie,7.5,105,2011,"Action, Drama, Sci-Fi, Thriller",503536,2011-07-28,Rupert Wyatt,7,2020-05-17
140,tt0145487,2018-04-08,2018-04-08,,Spider-Man,https://www.imdb.com/title/tt0145487/,movie,7.3,121,2002,"Action, Adventure, Sci-Fi",705002,2002-04-30,Sam Raimi,8,2020-05-17
141,tt2660888,2018-04-08,2018-04-08,,Star Trek Beyond,https://www.imdb.com/title/tt2660888/,movie,7.0,122,2016,"Action, Adventure, Sci-Fi, Thriller",233390,2016-07-20,Justin Lin,7,2020-05-17
142,tt0903624,2018-04-08,2018-04-08,,The Hobbit: An Unexpected Journey,https://www.imdb.com/title/tt0903624/,movie,7.8,169,2012,"Adventure, Fantasy",771768,2012-11-28,Peter Jackson,8,2020-05-17
143,tt1170358,2018-04-08,2018-04-08,,The Hobbit: The Desolation of Smaug,https://www.imdb.com/title/tt1170358/,movie,7.8,161,2013,"Adventure, Fantasy",613951,2013-12-02,Peter Jackson,8,2020-05-17
144,tt2310332,2018-04-08,2018-04-08,,The Hobbit: The Battle of the Five Armies,https://www.imdb.com/title/tt2310332/,movie,7.4,144,2014,"Adventure, Fantasy",486759,2014-12-01,Peter Jackson,8,2020-05-17
145,tt2294449,2018-04-08,2018-04-08,,22 Jump Street,https://www.imdb.com/title/tt2294449/,movie,7.0,112,2014,"Action, Comedy, Crime",353250,2014-06-04,"Christopher Miller, Phil Lord",8,2020-05-17
146,tt0120903,2018-04-08,2018-04-08,,X-Men,https://www.imdb.com/title/tt0120903/,movie,7.4,104,2000,"Action, Adventure, Sci-Fi",581456,2000-07-12,Bryan Singer,7,2020-05-17
147,tt2802144,2018-04-08,2018-04-08,,Kingsman: The Secret Service,https://www.imdb.com/title/tt2802144/,movie,7.7,129,2014,"Action, Adventure, Comedy, Thriller",606452,2014-12-13,Matthew Vaughn,7,2020-05-17
148,tt1250777,2018-04-08,2018-04-08,,Kick-Ass,https://www.imdb.com/title/tt1250777/,movie,7.6,117,2010,"Action, Comedy, Crime",534050,2010-03-12,Matthew Vaughn,7,2020-05-17
149,tt1130884,2018-04-08,2018-04-08,,Shutter Island,https://www.imdb.com/title/tt1130884/,movie,8.2,138,2010,"Mystery, Thriller",1172718,2010-02-13,Martin Scorsese,8,2020-05-17
150,tt2395427,2018-04-08,2018-04-08,,Avengers: Age of Ultron,https://www.imdb.com/title/tt2395427/,movie,7.3,141,2015,"Action, Adventure, Sci-Fi",775519,2015-04-13,Joss Whedon,7,2020-05-17
151,tt0106611,2018-04-08,2018-04-08,,Cool Runnings,https://www.imdb.com/title/tt0106611/,movie,7.0,98,1993,"Adventure, Comedy, Family, History, Sport",95888,1993-10-01,Jon Turteltaub,7,2020-05-10
152,tt3183660,2018-04-08,2018-04-08,,Fantastic Beasts and Where to Find Them,https://www.imdb.com/title/tt3183660/,movie,7.3,132,2016,"Adventure, Family, Fantasy",422032,2016-11-08,David Yates,8,2020-05-17
153,tt0983193,2018-04-08,2018-04-08,,The Adventures of Tintin,https://www.imdb.com/title/tt0983193/,movie,7.3,107,2011,"Animation, Action, Adventure, Family, Mystery",220541,2011-10-23,Steven Spielberg,7,2020-05-17
154,tt0357413,2018-04-08,2018-04-08,,Anchorman: The Legend of Ron Burgundy,https://www.imdb.com/title/tt0357413/,movie,7.2,94,2004,Comedy,336303,2004-06-28,Adam McKay,6,2020-05-17
155,tt0458339,2018-04-08,2018-04-08,,Captain America: The First Avenger,https://www.imdb.com/title/tt0458339/,movie,6.9,124,2011,"Action, Adventure, Sci-Fi",767704,2011-07-19,Joe Johnston,7,2020-05-17
156,tt0118884,2018-04-08,2018-04-08,,Contact,https://www.imdb.com/title/tt0118884/,movie,7.5,150,1997,"Drama, Mystery, Sci-Fi, Thriller",260117,1997-07-11,Robert Zemeckis,7,2020-05-17
157,tt4034354,2018-04-08,2018-04-08,,Swiss Army Man,https://www.imdb.com/title/tt4034354/,movie,7.0,97,2016,"Comedy, Drama, Fantasy, Romance",109016,2016-01-22,"Dan Kwan, Daniel Scheinert",7,2020-05-17
158,tt1245492,2018-04-08,2018-04-08,,This Is the End,https://www.imdb.com/title/tt1245492/,movie,6.6,107,2013,Comedy,391040,2013-06-03,"Evan Goldberg, Seth Rogen",7,2020-05-17
159,tt0988045,2018-04-08,2018-04-08,,Sherlock Holmes,https://www.imdb.com/title/tt0988045/,movie,7.6,128,2009,"Action, Adventure, Mystery",595477,2009-12-14,Guy Ritchie,8,2020-05-17
160,tt1515091,2018-04-08,2018-04-08,,Sherlock Holmes: A Game of Shadows,https://www.imdb.com/title/tt1515091/,movie,7.5,129,2011,"Action, Adventure, Mystery",429011,2011-12-10,Guy Ritchie,8,2020-05-17
161,tt0948470,2018-04-08,2018-04-08,,The Amazing Spider-Man,https://www.imdb.com/title/tt0948470/,movie,6.9,136,2012,"Action, Adventure, Fantasy, Sci-Fi",570572,2012-06-13,Marc Webb,6,2020-05-17
162,tt0099423,2018-04-08,2018-04-08,,Die Hard 2,https://www.imdb.com/title/tt0099423/,movie,7.1,124,1990,"Action, Thriller",343362,1990-07-02,Renny Harlin,7,2020-05-10
163,tt0416449,2018-04-08,2018-04-08,,300,https://www.imdb.com/title/tt0416449/,movie,7.6,117,2006,"Action, Drama",749116,2006-12-09,Zack Snyder,8,2020-05-17
164,tt0393162,2018-04-08,2018-04-08,,Coach Carter,https://www.imdb.com/title/tt0393162/,movie,7.3,136,2005,"Biography, Drama, Sport",133308,2005-01-13,Thomas Carter,7,2020-05-17
165,tt3731562,2018-04-08,2018-04-08,,Kong: Skull Island,https://www.imdb.com/title/tt3731562/,movie,6.6,118,2017,"Action, Adventure, Fantasy, Sci-Fi",292257,2017-02-28,Jordan Vogt-Roberts,6,2020-05-17
166,tt0112864,2018-04-08,2018-04-08,,Die Hard: With a Vengeance,https://www.imdb.com/title/tt0112864/,movie,7.6,128,1995,"Action, Adventure, Thriller",369646,1995-05-15,John McTiernan,7,2020-05-10
167,tt0234215,2018-04-08,2018-04-08,,The Matrix Reloaded,https://www.imdb.com/title/tt0234215/,movie,7.2,138,2003,"Action, Sci-Fi",528331,2003-05-07,"Lilly Wachowski, Lana Wachowski",8,2020-05-17
168,tt0369610,2018-04-08,2018-04-08,,Jurassic World,https://www.imdb.com/title/tt0369610/,movie,7.0,124,2015,"Action, Adventure, Sci-Fi",592535,2015-05-29,Colin Trevorrow,7,2020-05-17
169,tt0480249,2018-04-08,2018-04-08,,I Am Legend,https://www.imdb.com/title/tt0480249/,movie,7.2,101,2007,"Action, Adventure, Drama, Sci-Fi, Thriller",702898,2007-12-05,Francis Lawrence,8,2020-05-17
170,tt0787524,2018-04-08,2018-04-08,,The Man Who Knew Infinity,https://www.imdb.com/title/tt0787524/,movie,7.2,108,2015,"Biography, Drama",53156,2015-09-17,Matt Brown,8,2020-05-10
171,tt0109686,2018-04-08,2018-04-08,,Dumb and Dumber,https://www.imdb.com/title/tt0109686/,movie,7.3,107,1994,Comedy,360571,1994-12-06,"Peter Farrelly, Bobby Farrelly",6,2020-05-17
172,tt0418279,2018-04-08,2018-04-08,,Transformers,https://www.imdb.com/title/tt0418279/,movie,7.0,144,2007,"Action, Adventure, Sci-Fi",606327,2007-06-12,Michael Bay,6,2020-05-17
173,tt0416236,2018-04-08,2018-04-08,,The Spiderwick Chronicles,https://www.imdb.com/title/tt0416236/,movie,6.5,96,2008,"Action, Adventure, Drama, Family, Fantasy, Thriller",90441,2008-01-31,Mark Waters,6,2020-05-17
174,tt2004420,2018-04-08,2018-04-08,,Neighbors,https://www.imdb.com/title/tt2004420/,movie,6.3,97,2014,Comedy,293457,2014-03-08,Nicholas Stoller,6,2020-05-10
175,tt1409024,2018-04-08,2018-04-08,,Men in Black 3,https://www.imdb.com/title/tt1409024/,movie,6.8,106,2012,"Action, Adventure, Comedy, Sci-Fi",341798,2012-05-14,Barry Sonnenfeld,7,2020-05-17
176,tt0800080,2018-04-08,2018-04-08,,The Incredible Hulk,https://www.imdb.com/title/tt0800080/,movie,6.7,112,2008,"Action, Adventure, Sci-Fi",447417,2008-06-06,Louis Leterrier,6,2020-05-17
177,tt0433035,2018-04-08,2018-04-08,,Real Steel,https://www.imdb.com/title/tt0433035/,movie,7.0,127,2011,"Action, Drama, Sci-Fi, Sport",305158,2011-09-06,Shawn Levy,7,2020-05-10
178,tt0822854,2018-04-08,2018-04-08,,Shooter,https://www.imdb.com/title/tt0822854/,movie,7.2,124,2007,"Action, Drama, Thriller",317231,2007-03-08,Antoine Fuqua,6,2020-05-17
179,tt0367882,2018-04-08,2018-04-08,,Indiana Jones and the Kingdom of the Crystal Skull,https://www.imdb.com/title/tt0367882/,movie,6.1,122,2008,"Action, Adventure",433022,2008-05-18,Steven Spielberg,7,2020-05-17
180,tt1670345,2018-04-08,2018-04-08,,Now You See Me,https://www.imdb.com/title/tt1670345/,movie,7.2,115,2013,"Crime, Mystery, Thriller",611337,2013-05-21,Louis Leterrier,8,2020-05-17
181,tt3110958,2018-04-08,2018-04-08,,Now You See Me 2,https://www.imdb.com/title/tt3110958/,movie,6.5,129,2016,"Action, Adventure, Comedy, Crime, Mystery, Thriller",259322,2016-06-02,Jon M. Chu,6,2020-05-17
182,tt0272152,2018-04-08,2018-04-08,,K-PAX,https://www.imdb.com/title/tt0272152/,movie,7.4,120,2001,"Drama, Mystery, Sci-Fi",177112,2001-10-22,Iain Softley,7,2020-05-10
183,tt1731141,2018-04-08,2018-04-08,,Ender's Game,https://www.imdb.com/title/tt1731141/,movie,6.6,114,2013,"Action, Adventure, Fantasy, Sci-Fi",227880,2013-10-24,Gavin Hood,7,2020-05-10
184,tt1194173,2018-04-08,2018-04-08,,The Bourne Legacy,https://www.imdb.com/title/tt1194173/,movie,6.6,135,2012,"Action, Adventure, Thriller",289540,2012-07-30,Tony Gilroy,6,2020-05-10
185,tt0376994,2018-04-08,2018-04-08,,X-Men: The Last Stand,https://www.imdb.com/title/tt0376994/,movie,6.7,104,2006,"Action, Adventure, Sci-Fi",491070,2006-05-22,Brett Ratner,6,2020-05-17
186,tt3385516,2018-04-08,2018-04-08,,X-Men: Apocalypse,https://www.imdb.com/title/tt3385516/,movie,6.9,144,2016,"Action, Adventure, Sci-Fi",403884,2016-05-09,Bryan Singer,7,2020-05-17
187,tt4196776,2018-04-08,2018-04-08,,Jason Bourne,https://www.imdb.com/title/tt4196776/,movie,6.6,123,2016,"Action, Thriller",213074,2016-07-03,Paul Greengrass,7,2020-05-10
188,tt0113497,2018-04-08,2018-04-08,,Jumanji,https://www.imdb.com/title/tt0113497/,movie,7.0,104,1995,"Adventure, Comedy, Family, Fantasy",317548,1995-12-15,Joe Johnston,7,2020-05-17
189,tt1872181,2018-04-08,2018-04-08,,The Amazing Spider-Man 2,https://www.imdb.com/title/tt1872181/,movie,6.6,142,2014,"Action, Adventure, Fantasy, Sci-Fi",426747,2014-04-10,Marc Webb,7,2020-05-17
190,tt5640450,2018-04-08,2018-04-08,,ARQ,https://www.imdb.com/title/tt5640450/,movie,6.4,88,2016,"Action, Sci-Fi, Thriller",36460,2016-09-09,Tony Elliott,6,2020-05-10
191,tt0289879,2018-04-08,2018-04-08,,The Butterfly Effect,https://www.imdb.com/title/tt0289879/,movie,7.6,113,2004,"Drama, Sci-Fi, Thriller",460022,2004-01-17,"J. Mackye Gruber, Eric Bress",8,2020-05-17
192,tt0413300,2018-04-08,2018-04-08,,Spider-Man 3,https://www.imdb.com/title/tt0413300/,movie,6.2,139,2007,"Action, Adventure, Sci-Fi",512115,2007-04-03,Sam Raimi,7,2020-05-17
193,tt0477347,2018-04-08,2018-04-08,,Night at the Museum,https://www.imdb.com/title/tt0477347/,movie,6.4,108,2006,"Adventure, Comedy, Family, Fantasy",322655,2006-12-17,Shawn Levy,7,2020-05-17
194,tt0315327,2018-04-08,2018-04-08,,Bruce Almighty,https://www.imdb.com/title/tt0315327/,movie,6.7,101,2003,"Comedy, Fantasy",379458,2003-05-14,Tom Shadyac,7,2020-05-17
195,tt0328880,2018-04-08,2018-04-08,,Brother Bear,https://www.imdb.com/title/tt0328880/,movie,6.8,85,2003,"Animation, Adventure, Comedy, Family, Fantasy",100816,2003-10-20,"Aaron Blaise, Robert Walker",8,2020-05-10
196,tt2692250,2018-04-08,2018-04-08,,Night at the Museum: Secret of the Tomb,https://www.imdb.com/title/tt2692250/,movie,6.2,98,2014,"Adventure, Comedy, Family, Fantasy",111081,2014-12-17,Shawn Levy,6,2020-05-17
197,tt2788710,2018-04-08,2018-04-08,,The Interview,https://www.imdb.com/title/tt2788710/,movie,6.5,112,2014,"Action, Adventure, Comedy",312390,2014-12-11,"Evan Goldberg, Seth Rogen",8,2020-05-17
198,tt0170016,2018-04-08,2018-04-08,,How the Grinch Stole Christmas,https://www.imdb.com/title/tt0170016/,movie,6.2,104,2000,"Comedy, Family, Fantasy",219254,2000-11-08,Ron Howard,6,2020-05-17
199,tt0448157,2018-04-08,2018-04-08,,Hancock,https://www.imdb.com/title/tt0448157/,movie,6.4,92,2008,"Action, Drama, Fantasy",453634,2008-06-16,Peter Berg,7,2020-05-17
200,tt0242653,2018-04-08,2018-04-08,,The Matrix Revolutions,https://www.imdb.com/title/tt0242653/,movie,6.7,129,2003,"Action, Sci-Fi",458294,2003-10-27,"Lilly Wachowski, Lana Wachowski",8,2020-05-17
201,tt1253863,2018-04-08,2018-04-08,,300: Rise of an Empire,https://www.imdb.com/title/tt1253863/,movie,6.2,102,2014,"Action, Drama",285708,2014-03-04,Noam Murro,6,2020-05-17
202,tt5519340,2018-04-08,2018-04-08,,Bright,https://www.imdb.com/title/tt5519340/,movie,6.3,117,2017,"Action, Fantasy, Thriller",174232,2017-12-13,David Ayer,6,2020-10-11
203,tt0286716,2018-04-08,2018-04-08,,Hulk,https://www.imdb.com/title/tt0286716/,movie,5.6,138,2003,"Action, Sci-Fi",255380,2003-06-17,Ang Lee,5,2020-05-17
204,tt0274166,2018-04-08,2018-04-08,,Johnny English,https://www.imdb.com/title/tt0274166/,movie,6.2,89,2003,"Action, Adventure, Comedy",151516,2003-04-06,Peter Howitt,6,2020-05-10
205,tt0120912,2018-04-08,2018-04-08,,Men in Black II,https://www.imdb.com/title/tt0120912/,movie,6.2,88,2002,"Action, Adventure, Comedy, Mystery, Sci-Fi",350712,2002-07-03,Barry Sonnenfeld,7,2020-05-17
206,tt0458525,2018-04-08,2018-04-08,,X-Men Origins: Wolverine,https://www.imdb.com/title/tt0458525/,movie,6.6,107,2009,"Action, Sci-Fi",476474,2009-04-08,Gavin Hood,7,2020-05-17
207,tt1634122,2018-04-08,2018-04-08,,Johnny English Reborn,https://www.imdb.com/title/tt1634122/,movie,6.3,101,2011,"Action, Adventure, Comedy",123340,2011-09-15,Oliver Parker,6,2020-05-17
208,tt1568338,2018-04-08,2018-04-08,,Man on a Ledge,https://www.imdb.com/title/tt1568338/,movie,6.6,102,2012,"Action, Crime, Thriller",146634,2012-01-26,Asger Leth,7,2020-05-17
209,tt1078912,2018-04-08,2018-04-08,,Night at the Museum: Battle of the Smithsonian,https://www.imdb.com/title/tt1078912/,movie,6.0,105,2009,"Adventure, Comedy, Family, Fantasy",182393,2009-05-14,Shawn Levy,7,2020-05-17
210,tt1399103,2018-04-08,2018-04-08,,Transformers: Dark of the Moon,https://www.imdb.com/title/tt1399103/,movie,6.2,154,2011,"Action, Adventure, Sci-Fi",390176,2011-06-23,Michael Bay,5,2020-05-17
211,tt0307453,2018-04-08,2018-04-08,,Shark Tale,https://www.imdb.com/title/tt0307453/,movie,6.0,90,2004,"Animation, Adventure, Comedy, Family, Fantasy",171101,2004-09-10,"Bibo Bergeron, Vicky Jenson, Rob Letterman",6,2020-05-17
212,tt1386703,2018-04-08,2018-04-08,,Total Recall,https://www.imdb.com/title/tt1386703/,movie,6.2,118,2012,"Action, Adventure, Sci-Fi, Thriller",243874,2012-08-02,Len Wiseman,6,2020-05-10
213,tt1408253,2018-04-08,2018-04-08,,Ride Along,https://www.imdb.com/title/tt1408253/,movie,6.2,99,2014,"Action, Comedy, Crime",106117,2014-01-17,Tim Story,5,2020-05-17
214,tt3401882,2018-04-08,2018-04-08,,Fist Fight,https://www.imdb.com/title/tt3401882/,movie,5.6,91,2017,Comedy,40578,2017-02-16,Richie Keen,6,2020-05-17
215,tt0240468,2018-04-08,2018-04-08,,Kung Pow: Enter the Fist,https://www.imdb.com/title/tt0240468/,movie,6.2,81,2002,"Action, Comedy",44145,2002-01-25,Steve Oedekerk,6,2020-05-10
216,tt3300542,2018-04-08,2018-04-08,,London Has Fallen,https://www.imdb.com/title/tt3300542/,movie,5.9,99,2016,"Action, Thriller",149156,2016-03-01,Babak Najafi,5,2020-05-17
217,tt3062096,2018-04-08,2018-04-08,,Inferno,https://www.imdb.com/title/tt3062096/,movie,6.2,121,2016,"Action, Adventure, Crime, Drama, Mystery, Thriller",164559,2016-10-08,Ron Howard,5,2020-05-17
218,tt0368226,2018-04-08,2018-04-08,,The Room,https://www.imdb.com/title/tt0368226/,movie,3.7,99,2003,Drama,84166,2003-06-27,Tommy Wiseau,2,2020-05-17
219,tt1648190,2018-04-08,2018-04-08,,The Dark Tower,https://www.imdb.com/title/tt1648190/,movie,5.6,95,2017,"Action, Adventure, Fantasy, Sci-Fi, Western",131285,2017-07-31,Nikolaj Arcel,6,2020-05-17
220,tt2869728,2018-04-08,2018-04-08,,Ride Along 2,https://www.imdb.com/title/tt2869728/,movie,5.9,102,2016,"Action, Comedy, Crime",54513,2016-01-06,Tim Story,5,2020-05-17
221,tt2387499,2018-04-08,2018-04-08,,Keeping Up with the Joneses,https://www.imdb.com/title/tt2387499/,movie,5.9,105,2016,"Action, Comedy",59504,2016-10-19,Greg Mottola,5,2020-05-10
222,tt0970416,2018-04-08,2018-04-08,,The Day the Earth Stood Still,https://www.imdb.com/title/tt0970416/,movie,5.5,104,2008,"Drama, Sci-Fi, Thriller",165402,2008-12-10,Scott Derrickson,6,2020-05-17
223,tt1073498,2018-04-08,2018-04-08,,Meet the Spartans,https://www.imdb.com/title/tt1073498/,movie,2.8,87,2008,"Comedy, Fantasy",102539,2008-01-24,"Jason Friedberg, Aaron Seltzer",1,2020-05-10
224,tt0290002,2018-04-08,2018-04-08,,Meet the Fockers,https://www.imdb.com/title/tt0290002/,movie,6.3,115,2004,"Comedy, Romance",257286,2004-12-16,Jay Roach,5,2020-05-10
226,tt0290334,2018-04-08,2018-04-08,,X2,https://www.imdb.com/title/tt0290334/,movie,7.4,134,2003,"Action, Sci-Fi, Thriller",520612,2003-04-24,Bryan Singer,7,2020-05-17
226,tt1375666,2018-04-08,2018-04-08,,Inception,https://www.imdb.com/title/tt1375666/,movie,8.8,148,2010,"Action, Adventure, Sci-Fi, Thriller",2132965,2010-07-08,Christopher Nolan,10,2020-04-29
227,tt0371746,2018-04-08,2018-04-08,,Iron Man,https://www.imdb.com/title/tt0371746/,movie,7.9,126,2008,"Action, Adventure, Sci-Fi",967300,2008-04-14,Jon Favreau,8,2020-05-17
228,tt1228705,2018-04-08,2018-04-08,,Iron Man 2,https://www.imdb.com/title/tt1228705/,movie,7.0,124,2010,"Action, Adventure, Sci-Fi",744995,2010-04-26,Jon Favreau,7,2020-05-17
229,tt1300854,2018-04-08,2018-04-08,,Iron Man Three,https://www.imdb.com/title/tt1300854/,movie,7.1,130,2013,"Action, Adventure, Sci-Fi",777922,2013-04-12,Shane Black,7,2020-05-17
230,tt0800369,2018-04-08,2018-04-08,,Thor,https://www.imdb.com/title/tt0800369/,movie,7.0,115,2011,"Action, Adventure, Fantasy",770480,2011-04-17,Kenneth Branagh,7,2020-05-17
231,tt1981115,2018-04-08,2018-04-08,,Thor: The Dark World,https://www.imdb.com/title/tt1981115/,movie,6.9,112,2013,"Action, Adventure, Fantasy",616583,2013-10-22,Alan Taylor,7,2020-05-17
232,tt0318403,2018-04-08,2018-04-08,,The Lion King 1½,https://www.imdb.com/title/tt0318403/,video,6.5,77,2004,"Animation, Adventure, Comedy, Family, Musical",38280,2004-02-10,Bradley Raymond,6,2020-05-17
233,tt0120131,2018-04-08,2018-04-08,,The Lion King II: Simba's Pride,https://www.imdb.com/title/tt0120131/,video,6.5,81,1998,"Animation, Adventure, Drama, Family, Musical, Romance",62478,1998-10-27,"Darrell Rooney, Rob LaDuca",6,2020-05-17
234,tt0133240,2018-04-08,2018-04-08,,Treasure Planet,https://www.imdb.com/title/tt0133240/,movie,7.2,95,2002,"Animation, Adventure, Family, Sci-Fi",107124,2002-11-05,"Ron Clements, John Musker",7,2020-05-17
235,tt0371724,2018-04-08,2018-04-08,,The Hitchhiker's Guide to the Galaxy,https://www.imdb.com/title/tt0371724/,movie,6.7,109,2005,"Adventure, Comedy, Sci-Fi",189598,2005-04-20,Garth Jennings,6,2020-05-10
236,tt3171832,2018-04-09,2018-04-09,,iBoy,https://www.imdb.com/title/tt3171832/,movie,6.0,90,2017,"Action, Crime, Sci-Fi, Thriller",21410,2017-01-27,Adam Randall,5,2020-05-10
237,tt0448134,2018-04-13,2018-04-13,,Sunshine,https://www.imdb.com/title/tt0448134/,movie,7.2,107,2007,"Sci-Fi, Thriller",238163,2007-03-23,Danny Boyle,7,2020-05-17
238,tt3317234,2018-04-14,2018-04-14,,"Game Over, Man!",https://www.imdb.com/title/tt3317234/,movie,5.4,101,2018,"Action, Comedy",27497,2018-03-21,Kyle Newacheck,4,2020-05-10
239,tt1104001,2018-04-14,2018-04-14,,Tron,https://www.imdb.com/title/tt1104001/,movie,6.8,125,2010,"Action, Adventure, Sci-Fi",318915,2010-11-30,Joseph Kosinski,7,2020-05-17
240,tt1650554,2018-04-14,2018-04-14,,Kick-Ass 2,https://www.imdb.com/title/tt1650554/,movie,6.5,103,2013,"Action, Comedy, Crime, Thriller",259163,2013-08-14,Jeff Wadlow,6,2020-05-10
241,tt0317219,2018-04-14,2018-04-14,,Cars,https://www.imdb.com/title/tt0317219/,movie,7.1,117,2006,"Animation, Comedy, Family, Sport",380815,2006-03-14,"John Lasseter, Joe Ranft",6,2020-05-17
242,tt1217209,2018-04-14,2018-04-14,,Brave,https://www.imdb.com/title/tt1217209/,movie,7.1,93,2012,"Animation, Adventure, Comedy, Family, Fantasy",382644,2012-06-10,"Steve Purcell, Mark Andrews, Brenda Chapman",7,2020-05-17
243,tt0472033,2018-04-14,2018-04-14,,9,https://www.imdb.com/title/tt0472033/,movie,7.1,79,2009,"Animation, Action, Adventure, Sci-Fi",135071,2009-08-19,Shane Acker,7,2020-05-10
244,tt0441773,2018-04-14,2018-04-14,,Kung Fu Panda,https://www.imdb.com/title/tt0441773/,movie,7.6,92,2008,"Animation, Action, Adventure, Comedy, Family",431535,2008-05-15,"Mark Osborne, John Stevenson",8,2020-05-17
245,tt1302011,2018-04-14,2018-04-14,,Kung Fu Panda 2,https://www.imdb.com/title/tt1302011/,movie,7.2,90,2011,"Animation, Action, Adventure, Comedy, Family, Fantasy",261258,2011-05-22,Jennifer Yuh Nelson,7,2020-05-17
246,tt0120794,2018-04-14,2018-04-14,,The Prince of Egypt,https://www.imdb.com/title/tt0120794/,movie,7.1,99,1998,"Animation, Adventure, Drama, Family, Fantasy, Musical",122338,1998-12-16,"Brenda Chapman, Simon Wells, Steve Hickner",7,2020-05-17
247,tt1001526,2018-04-14,2018-04-14,,Megamind,https://www.imdb.com/title/tt1001526/,movie,7.2,95,2010,"Animation, Action, Comedy, Family, Sci-Fi",235906,2010-10-28,Tom McGrath,6,2020-05-10
248,tt0351283,2018-04-14,2018-04-14,,Madagascar,https://www.imdb.com/title/tt0351283/,movie,6.9,86,2005,"Animation, Adventure, Comedy, Family",375749,2005-05-25,"Tom McGrath, Eric Darnell",8,2020-05-17
249,tt0479952,2018-04-14,2018-04-14,,Madagascar: Escape 2 Africa,https://www.imdb.com/title/tt0479952/,movie,6.6,89,2008,"Animation, Adventure, Comedy, Family",211312,2008-10-30,"Tom McGrath, Eric Darnell",7,2020-05-17
250,tt0327084,2018-04-14,2018-04-14,,Over the Hedge,https://www.imdb.com/title/tt0327084/,movie,6.7,83,2006,"Animation, Adventure, Comedy, Family, Fantasy",163749,2006-04-22,"Tim Johnson, Karey Kirkpatrick",7,2020-05-10
251,tt1790809,2018-04-14,2018-04-14,,Pirates of the Caribbean: Dead Men Tell No Tales,https://www.imdb.com/title/tt1790809/,movie,6.5,129,2017,"Action, Adventure, Fantasy",274458,2017-05-11,"Espen Sandberg, Joachim Rønning",8,2020-05-17
252,tt0325980,2018-04-14,2018-04-14,,Pirates of the Caribbean: The Curse of the Black Pearl,https://www.imdb.com/title/tt0325980/,movie,8.0,143,2003,"Action, Adventure, Fantasy",1032801,2003-06-28,Gore Verbinski,8,2020-05-17
253,tt0383574,2018-04-14,2018-04-14,,Pirates of the Caribbean: Dead Man's Chest,https://www.imdb.com/title/tt0383574/,movie,7.3,151,2006,"Action, Adventure, Fantasy",667845,2006-06-24,Gore Verbinski,8,2020-05-17
254,tt1298650,2018-04-14,2018-04-14,,Pirates of the Caribbean: On Stranger Tides,https://www.imdb.com/title/tt1298650/,movie,6.6,137,2011,"Action, Adventure, Fantasy",491306,2011-05-07,Rob Marshall,7,2020-05-17
255,tt0449088,2018-04-14,2018-04-14,,Pirates of the Caribbean: At World's End,https://www.imdb.com/title/tt0449088/,movie,7.1,169,2007,"Action, Adventure, Fantasy",607111,2007-05-19,Gore Verbinski,8,2020-05-17
256,tt0780504,2018-04-16,2018-04-16,,Drive,https://www.imdb.com/title/tt0780504/,movie,7.8,100,2011,"Crime, Drama",586568,2011-05-20,Nicolas Winding Refn,8,2020-05-17
257,tt1197624,2018-04-16,2018-04-16,,Law Abiding Citizen,https://www.imdb.com/title/tt1197624/,movie,7.4,109,2009,"Action, Crime, Drama, Thriller",278361,2009-09-23,F. Gary Gray,7,2020-05-17
258,tt2005151,2018-04-22,2018-04-22,,War Dogs,https://www.imdb.com/title/tt2005151/,movie,7.1,114,2016,"Biography, Comedy, Crime, Drama, War",187967,2016-08-03,Todd Phillips,7,2020-05-17
259,tt0790724,2018-04-29,2018-04-29,,Jack Reacher,https://www.imdb.com/title/tt0790724/,movie,7.0,130,2012,"Action, Thriller",316975,2012-12-10,Christopher McQuarrie,8,2020-05-17
260,tt0369339,2018-04-30,2018-04-30,,Collateral,https://www.imdb.com/title/tt0369339/,movie,7.5,120,2004,"Crime, Drama, Thriller",372456,2004-08-02,Michael Mann,8,2020-05-17
261,tt0267129,2018-04-30,2018-04-30,,Yamakasi - Les samouraïs des temps modernes,https://www.imdb.com/title/tt0267129/,movie,6.2,90,2001,"Action, Drama, Crime",11648,2001-04-04,"Ariel Zeitoun, Julien Seri",7,2020-05-17
262,tt4154756,2018-05-03,2018-05-03,,Avengers: Infinity War,https://www.imdb.com/title/tt4154756/,movie,8.4,149,2018,"Action, Adventure, Sci-Fi",894149,2018-04-23,"Anthony Russo, Joe Russo",8,2020-05-17
263,tt1355644,2018-05-03,2018-05-03,,Passengers,https://www.imdb.com/title/tt1355644/,movie,7.0,116,2016,"Drama, Romance, Sci-Fi, Thriller",363684,2016-12-14,Morten Tyldum,7,2020-05-17
264,tt0381111,2018-05-04,2018-05-04,,Kruistocht in spijkerbroek,https://www.imdb.com/title/tt0381111/,movie,6.1,125,2006,"Adventure, Family, Fantasy, Sci-Fi, War",3564,2006-11-15,Ben Sombogaart,6,2020-05-17
265,tt0279231,2018-05-04,2018-05-04,,Minoes,https://www.imdb.com/title/tt0279231/,movie,6.9,86,2001,"Comedy, Family, Fantasy",4842,2001-12-06,Vincent Bal,6,2020-05-17
266,tt0490377,2018-05-04,2018-05-04,,De brief voor de koning,https://www.imdb.com/title/tt0490377/,movie,5.9,110,2008,Adventure,1352,2008-07-16,Pieter Verhoeff,6,2020-05-17
267,tt2283362,2018-05-11,2018-05-11,,Jumanji: Welcome to the Jungle,https://www.imdb.com/title/tt2283362/,movie,6.9,119,2017,"Action, Adventure, Comedy, Fantasy",334783,2017-12-05,Jake Kasdan,7,2020-05-17
268,tt1291570,2018-05-14,2018-05-14,,Solace,https://www.imdb.com/title/tt1291570/,movie,6.4,101,2015,"Crime, Drama, Mystery, Thriller",58175,2015-09-03,Afonso Poyart,7,2020-05-17
269,tt3960412,2018-05-15,2018-05-15,,Popstar: Never Stop Never Stopping,https://www.imdb.com/title/tt3960412/,movie,6.7,87,2016,"Comedy, Music",56772,2016-05-24,"Jorma Taccone, Akiva Schaffer",6,2020-05-17
270,tt2872732,2018-05-18,2018-05-18,,Lucy,https://www.imdb.com/title/tt2872732/,movie,6.4,89,2014,"Action, Sci-Fi, Thriller",459804,2014-07-25,Luc Besson,5,2020-05-17
271,tt0359950,2018-05-18,2018-05-18,,The Secret Life of Walter Mitty,https://www.imdb.com/title/tt0359950/,movie,7.3,114,2013,"Adventure, Comedy, Drama, Fantasy, Romance",299641,2013-10-05,Ben Stiller,7,2020-05-17
272,tt1323594,2018-05-18,2018-05-18,,Despicable Me,https://www.imdb.com/title/tt1323594/,movie,7.6,95,2010,"Animation, Comedy, Crime, Family, Fantasy",511101,2010-06-20,"Chris Renaud, Pierre Coffin",6,2020-05-17
273,tt1690953,2018-05-18,2018-05-18,,Despicable Me 2,https://www.imdb.com/title/tt1690953/,movie,7.3,98,2013,"Animation, Adventure, Comedy, Crime, Family, Fantasy, Sci-Fi",376671,2013-06-16,"Chris Renaud, Pierre Coffin",6,2020-05-17
274,tt0493464,2018-05-21,2018-05-21,,Wanted,https://www.imdb.com/title/tt0493464/,movie,6.7,110,2008,"Action, Crime, Thriller",368835,2008-06-12,Timur Bekmambetov,7,2020-05-17
275,tt0454848,2018-05-21,2018-05-21,,Inside Man,https://www.imdb.com/title/tt0454848/,movie,7.6,129,2006,"Crime, Drama, Mystery, Thriller",349689,2006-03-16,Spike Lee,7,2020-05-17
276,tt5397194,2018-05-27,2018-05-27,,Anon,https://www.imdb.com/title/tt5397194/,movie,6.1,100,2018,"Crime, Sci-Fi, Thriller",39675,2018-05-03,Andrew Niccol,5,2020-05-10
277,tt1034314,2018-06-22,2018-06-22,,Iron Sky,https://www.imdb.com/title/tt1034314/,movie,5.9,93,2012,"Action, Adventure, Comedy, Sci-Fi",91925,2012-02-11,Timo Vuorensola,4,2020-05-10
278,tt2379713,2018-06-28,2018-06-28,,Spectre,https://www.imdb.com/title/tt2379713/,movie,6.8,148,2015,"Action, Adventure, Thriller",392438,2015-10-26,Sam Mendes,7,2020-05-17
279,tt0034492,2018-07-09,2018-07-09,,Bambi,https://www.imdb.com/title/tt0034492/,movie,7.3,70,1942,"Animation, Drama, Family",134217,1942-08-08,"Samuel Armstrong, Paul Satterfield, James Algar, Graham Heid, Clyde Geronimi, David Hand, Arthur Davis, Bill Roberts, Norman Wright",7,2020-05-17
280,tt0097757,2018-07-09,2018-07-09,,The Little Mermaid,https://www.imdb.com/title/tt0097757/,movie,7.6,83,1989,"Animation, Family, Fantasy, Musical, Romance",243464,1989-11-13,"Ron Clements, John Musker",7,2020-05-17
281,tt1392214,2018-07-27,2018-07-27,,Prisoners,https://www.imdb.com/title/tt1392214/,movie,8.1,153,2013,"Crime, Drama, Mystery, Thriller",623950,2013-08-30,Denis Villeneuve,8,2020-05-17
282,tt2713180,2018-08-01,2018-08-01,,Fury,https://www.imdb.com/title/tt2713180/,movie,7.6,134,2014,"Action, Drama, War",441667,2014-10-15,David Ayer,7,2020-05-17
283,tt2278388,2018-08-17,2018-08-17,,The Grand Budapest Hotel,https://www.imdb.com/title/tt2278388/,movie,8.1,99,2014,"Adventure, Comedy, Crime",732891,2014-02-06,Wes Anderson,9,2020-05-17
284,tt2034800,2018-08-23,2018-08-23,,The Great Wall,https://www.imdb.com/title/tt2034800/,movie,5.9,103,2016,"Action, Adventure, Fantasy, Thriller",127845,2016-12-06,Yimou Zhang,7,2020-05-10
285,tt2404435,2018-09-18,2018-09-18,,The Magnificent Seven,https://www.imdb.com/title/tt2404435/,movie,6.9,132,2016,"Action, Adventure, Western",189739,2016-09-08,Antoine Fuqua,7,2020-05-17
286,tt0409459,2018-09-24,2018-09-24,,Watchmen,https://www.imdb.com/title/tt0409459/,movie,7.6,162,2009,"Action, Drama, Mystery, Sci-Fi",519596,2009-02-23,Zack Snyder,8,2020-05-17
287,tt3393786,2018-09-26,2018-09-26,,Jack Reacher: Never Go Back,https://www.imdb.com/title/tt3393786/,movie,6.1,118,2016,"Action, Crime, Thriller",143583,2016-10-12,Edward Zwick,6,2020-05-10
288,tt1155076,2018-10-16,2018-10-16,,The Karate Kid,https://www.imdb.com/title/tt1155076/,movie,6.2,140,2010,"Action, Drama, Family, Sport",167280,2010-06-07,Harald Zwart,6,2020-05-17
289,tt1270797,2018-10-19,2018-10-19,,Venom,https://www.imdb.com/title/tt1270797/,movie,6.7,112,2018,"Action, Adventure, Sci-Fi",386349,2018-10-01,Ruben Fleischer,8,2020-05-17
290,tt5095030,2018-10-19,2018-10-19,,Ant-Man and the Wasp,https://www.imdb.com/title/tt5095030/,movie,7.0,118,2018,"Action, Adventure, Comedy, Sci-Fi",332225,2018-06-25,Peyton Reed,7,2020-05-17
291,tt2562232,2018-10-22,2018-10-22,,Birdman or (The Unexpected Virtue of Ignorance),https://www.imdb.com/title/tt2562232/,movie,7.7,119,2014,"Comedy, Drama",593749,2014-08-27,Alejandro G. Iñárritu,5,2020-05-17
292,tt0942385,2018-11-12,2018-11-12,,Tropic Thunder,https://www.imdb.com/title/tt0942385/,movie,7.0,107,2008,"Action, Comedy, War",389264,2008-08-11,Ben Stiller,8,2020-05-17
293,tt0430308,2018-11-13,2018-11-13,,Get Rich or Die Tryin',https://www.imdb.com/title/tt0430308/,movie,5.4,117,2005,"Biography, Crime, Drama, Music",44781,2005-11-09,Jim Sheridan,5,2020-05-17
294,tt4123430,2018-11-17,2018-11-17,,Fantastic Beasts: The Crimes of Grindelwald,https://www.imdb.com/title/tt4123430/,movie,6.5,134,2018,"Adventure, Family, Fantasy",233611,2018-11-08,David Yates,7,2020-05-17
295,tt1524137,2018-11-18,2018-11-18,,Contraband,https://www.imdb.com/title/tt1524137/,movie,6.4,109,2012,"Action, Crime, Drama, Thriller",118850,2012-01-12,Baltasar Kormákur,5,2020-05-17
296,tt0223897,2018-12-26,2018-12-26,,Pay It Forward,https://www.imdb.com/title/tt0223897/,movie,7.2,123,2000,Drama,114212,2000-10-12,Mimi Leder,5,2020-05-17
297,tt1571234,2018-12-28,2018-12-28,,Mortal Engines,https://www.imdb.com/title/tt1571234/,movie,6.1,128,2018,"Action, Adventure, Fantasy, Sci-Fi, Thriller",115252,2018-12-05,Christian Rivers,6,2020-05-17
298,tt2273657,2018-12-30,2018-12-30,,True Story,https://www.imdb.com/title/tt2273657/,movie,6.3,99,2015,"Biography, Crime, Drama, History, Mystery",65410,2015-01-23,Rupert Goold,6,2020-05-10
299,tt7344360,2019-01-04,2019-01-04,,Long Shot,https://www.imdb.com/title/tt7344360/,tvMovie,7.4,40,2017,"Documentary, Crime, Sport",6925,2017-09-03,Jacob LaMendola,7,2020-05-17
300,tt1596363,2019-01-05,2019-01-05,,The Big Short,https://www.imdb.com/title/tt1596363/,movie,7.8,130,2015,"Biography, Comedy, Drama, History",380447,2015-11-12,Adam McKay,8,2020-05-17
301,tt6412452,2019-01-23,2019-01-23,,The Ballad of Buster Scruggs,https://www.imdb.com/title/tt6412452/,movie,7.3,133,2018,"Comedy, Drama, Musical, Mystery, Romance, Western",129631,2018-08-31,"Joel Coen, Ethan Coen",7,2020-05-17
302,tt0190590,2019-01-24,2019-01-24,,"O Brother, Where Art Thou?",https://www.imdb.com/title/tt0190590/,movie,7.7,107,2000,"Adventure, Comedy, Crime, Music",294769,2000-05-13,"Joel Coen, Ethan Coen",8,2020-05-17
303,tt9412098,2019-01-30,2019-01-30,,Fyre,https://www.imdb.com/title/tt9412098/,movie,7.2,97,2019,"Documentary, Crime, Music",39198,2019-01-18,Chris Smith,7,2020-05-10
304,tt3799694,2019-01-30,2019-01-30,,The Nice Guys,https://www.imdb.com/title/tt3799694/,movie,7.4,116,2016,"Action, Comedy, Crime, Thriller",293544,2016-05-10,Shane Black,8,2020-05-17
305,tt0100477,2019-02-01,2019-02-01,,The Rescuers Down Under,https://www.imdb.com/title/tt0100477/,movie,6.9,77,1990,"Animation, Adventure, Crime, Drama, Family, Fantasy, Mystery",39719,1990-11-16,"Mike Gabriel, Hendel Butoy",8,2020-10-11
306,tt0096866,2019-02-01,2019-02-01,,The BFG,https://www.imdb.com/title/tt0096866/,movie,6.7,91,1989,"Animation, Adventure, Drama, Family, Fantasy",6751,1989-12-25,Brian Cosgrove,7,2020-05-17
307,tt0099685,2019-02-07,2019-02-07,,Goodfellas,https://www.imdb.com/title/tt0099685/,movie,8.7,146,1990,"Biography, Crime, Drama",1051219,1990-09-09,Martin Scorsese,7,2020-05-17
308,tt2737304,2019-02-18,2019-02-18,,Bird Box,https://www.imdb.com/title/tt2737304/,movie,6.6,124,2018,"Horror, Sci-Fi",295040,2018-11-12,Susanne Bier,3,2021-05-25
309,tt1210819,2019-03-05,2019-03-05,,The Lone Ranger,https://www.imdb.com/title/tt1210819/,movie,6.4,150,2013,"Action, Adventure, Western",225156,2013-06-22,Gore Verbinski,6,2020-05-17
310,tt0362227,2019-03-06,2019-03-06,,The Terminal,https://www.imdb.com/title/tt0362227/,movie,7.4,128,2004,"Comedy, Drama, Romance",420832,2004-06-09,Steven Spielberg,7,2020-05-17
311,tt4154664,2019-03-06,2019-03-06,,Captain Marvel,https://www.imdb.com/title/tt4154664/,movie,6.8,123,2019,"Action, Adventure, Sci-Fi",476637,2019-02-27,"Anna Boden, Ryan Fleck",6,2020-05-17
312,tt5016974,2019-04-05,2019-04-05,,Inside Einstein's Mind: The Enigma of Space and Time,https://www.imdb.com/title/tt5016974/,tvMovie,7.4,53,2015,Documentary,493,2015-11-25,Jamie E. Lochhead,7,2020-05-17
313,tt3263904,2019-04-05,2019-04-05,,Sully,https://www.imdb.com/title/tt3263904/,movie,7.4,96,2016,"Biography, Drama",247344,2016-09-02,Clint Eastwood,8,2020-05-17
314,tt0478087,2019-04-06,2019-04-06,,21,https://www.imdb.com/title/tt0478087/,movie,6.8,123,2008,"Crime, Drama, History, Thriller",234653,2008-03-07,Robert Luketic,6,2020-05-17
315,tt2368619,2019-04-10,2019-04-10,,Bastille Day,https://www.imdb.com/title/tt2368619/,movie,6.3,92,2016,"Action, Crime, Drama, Thriller",40256,2016-04-20,James Watkins,6,2020-05-10
316,tt4154796,2019-04-24,2019-04-24,,Avengers: Endgame,https://www.imdb.com/title/tt4154796/,movie,8.4,181,2019,"Action, Adventure, Drama, Sci-Fi",899058,2019-04-22,"Anthony Russo, Joe Russo",8,2020-05-17
317,tt0117318,2019-04-29,2019-04-29,,The People vs. Larry Flynt,https://www.imdb.com/title/tt0117318/,movie,7.3,130,1996,"Biography, Drama",89832,1996-10-13,Milos Forman,7,2020-05-10
318,tt0409847,2019-05-04,2019-05-04,,Cowboys & Aliens,https://www.imdb.com/title/tt0409847/,movie,6.0,119,2011,"Action, Sci-Fi, Thriller, Western",211305,2011-07-29,Jon Favreau,6,2020-05-17
319,tt1193138,2019-05-08,2019-05-08,,Up in the Air,https://www.imdb.com/title/tt1193138/,movie,7.4,109,2009,"Comedy, Drama, Romance",323611,2009-09-05,Jason Reitman,7,2020-05-17
320,tt5884052,2019-05-23,2019-05-23,,Pokémon: Detective Pikachu,https://www.imdb.com/title/tt5884052/,movie,6.6,104,2019,"Action, Adventure, Comedy, Family, Mystery, Sci-Fi",145887,2019-05-02,Rob Letterman,7,2020-05-17
321,tt0496806,2019-06-04,2019-06-04,,Ocean's Thirteen,https://www.imdb.com/title/tt0496806/,movie,6.9,122,2007,"Crime, Thriller",327874,2007-05-24,Steven Soderbergh,7,2020-05-10
322,tt0208092,2019-06-07,2019-06-07,,Snatch,https://www.imdb.com/title/tt0208092/,movie,8.3,104,2000,"Comedy, Crime",799726,2000-08-23,Guy Ritchie,8,2020-05-17
323,tt0993846,2019-06-09,2019-06-09,,The Wolf of Wall Street,https://www.imdb.com/title/tt0993846/,movie,8.2,180,2013,"Biography, Crime, Drama",1237347,2013-12-09,Martin Scorsese,8,2020-05-17
324,tt1385826,2019-06-19,2019-06-19,,The Adjustment Bureau,https://www.imdb.com/title/tt1385826/,movie,7.0,106,2011,"Romance, Sci-Fi, Thriller",248160,2011-02-14,George Nolfi,7,2020-05-17
325,tt0031397,2019-06-22,2019-06-22,,Gulliver's Travels,https://www.imdb.com/title/tt0031397/,movie,6.7,76,1939,"Animation, Adventure, Comedy, Family, Fantasy, Musical, Romance",4009,1939-12-18,"Grim Natwick, Roland Crandall, Dave Fleischer, Tom Palmer, Orestes Calpini, Thomas Johnson, Winfield Hoskins, Robert G. Leffingwell, Seymour Kneitel, Frank Kelling, Willard Bowsky, William Henning",7,2020-05-17
326,tt6146586,2019-07-05,2019-07-05,,John Wick: Chapter 3 - Parabellum,https://www.imdb.com/title/tt6146586/,movie,7.4,130,2019,"Action, Crime, Thriller",295484,2019-05-15,Chad Stahelski,8,2020-05-17
327,tt0298203,2019-07-06,2019-07-06,,8 Mile,https://www.imdb.com/title/tt0298203/,movie,7.1,110,2002,"Drama, Music",258734,2002-09-08,Curtis Hanson,8,2020-05-17
328,tt6320628,2019-07-08,2019-07-08,,Spider-Man: Far from Home,https://www.imdb.com/title/tt6320628/,movie,7.5,129,2019,"Action, Adventure, Sci-Fi",357611,2019-06-26,Jon Watts,7,2020-05-17
329,tt3460252,2019-07-15,2019-07-15,,The Hateful Eight,https://www.imdb.com/title/tt3460252/,movie,7.8,168,2015,"Crime, Drama, Mystery, Thriller, Western",537945,2015-12-07,Quentin Tarantino,8,2020-05-17
330,tt1024648,2019-07-22,2019-07-22,,Argo,https://www.imdb.com/title/tt1024648/,movie,7.7,120,2012,"Biography, Drama, Thriller",584409,2012-08-31,Ben Affleck,6,2020-05-17
331,tt1226229,2019-07-22,2019-07-22,,Get Him to the Greek,https://www.imdb.com/title/tt1226229/,movie,6.3,109,2010,"Comedy, Music",172041,2010-05-25,Nicholas Stoller,5,2020-05-17
332,tt2209764,2019-07-29,2019-07-29,,Transcendence,https://www.imdb.com/title/tt2209764/,movie,6.2,119,2014,"Action, Drama, Sci-Fi, Thriller",220040,2014-04-10,Wally Pfister,5,2020-05-10
333,tt4633694,2019-08-20,2019-08-20,,Spider-Man: Into the Spider-Verse,https://www.imdb.com/title/tt4633694/,movie,8.4,117,2018,"Animation, Action, Adventure, Family, Sci-Fi",409659,2018-12-06,"Peter Ramsey, Rodney Rothman, Bob Persichetti",7,2020-05-17
334,tt7131622,2019-08-21,2019-08-21,,Once Upon a Time... in Hollywood,https://www.imdb.com/title/tt7131622/,movie,7.6,161,2019,"Comedy, Drama",598186,2019-05-21,Quentin Tarantino,8,2020-05-17
335,tt1727824,2019-09-19,2019-09-19,,Bohemian Rhapsody,https://www.imdb.com/title/tt1727824/,movie,7.9,134,2018,"Biography, Drama, Music",475335,2018-10-23,Bryan Singer,8,2020-05-17
336,tt1622547,2019-09-22,2019-09-22,,30 Minutes or Less,https://www.imdb.com/title/tt1622547/,movie,6.1,83,2011,"Action, Comedy, Crime",96340,2011-08-11,Ruben Fleischer,6,2020-05-10
337,tt1007028,2019-09-24,2019-09-24,,Zack and Miri Make a Porno,https://www.imdb.com/title/tt1007028/,movie,6.5,101,2008,"Comedy, Romance",173826,2008-09-07,Kevin Smith,7,2020-05-17
338,tt7286456,2019-10-12,2019-10-12,,Joker,https://www.imdb.com/title/tt7286456/,movie,8.4,122,2019,"Crime, Drama, Thriller",1024133,2019-08-31,Todd Phillips,9,2020-05-17
339,tt0467406,2019-10-14,2019-10-14,,Juno,https://www.imdb.com/title/tt0467406/,movie,7.4,96,2007,"Comedy, Drama",498531,2007-09-01,Jason Reitman,6,2020-05-17
340,tt1860242,2019-10-27,2019-10-27,,The Highwaymen,https://www.imdb.com/title/tt1860242/,movie,6.9,132,2019,"Biography, Crime, Drama, Mystery, Thriller",80896,2019-03-10,John Lee Hancock,8,2020-05-17
341,tt0462499,2019-11-03,2019-11-03,,Rambo,https://www.imdb.com/title/tt0462499/,movie,7.0,92,2008,"Action, Thriller",221715,2008-01-23,Sylvester Stallone,6,2020-05-17
342,tt2527338,2019-12-21,2019-12-21,,Star Wars: Episode IX - The Rise of Skywalker,https://www.imdb.com/title/tt2527338/,movie,6.5,141,2019,"Action, Adventure, Fantasy, Sci-Fi",393583,2019-12-16,J.J. Abrams,7,2020-05-17
343,tt1210166,2019-12-30,2019-12-30,,Moneyball,https://www.imdb.com/title/tt1210166/,movie,7.6,133,2011,"Biography, Drama, Sport",383979,2011-09-09,Bennett Miller,8,2020-05-17
344,tt10376068,2020-01-03,2020-01-03,,The Unauthorized Bash Brothers Experience,https://www.imdb.com/title/tt10376068/,short,6.9,30,2019,"Short, Comedy, Music, Sport",4672,2019-05-23,"Akiva Schaffer, Mike Diva",6,2020-05-17
345,tt8579674,2020-01-18,2020-01-18,,1917,https://www.imdb.com/title/tt8579674/,movie,8.3,119,2019,"Drama, Thriller, War",471690,2019-12-04,Sam Mendes,9,2020-11-19
346,tt1535109,2020-01-26,2020-01-26,,Captain Phillips,https://www.imdb.com/title/tt1535109/,movie,7.8,134,2013,"Adventure, Biography, Crime, Drama, Thriller",431805,2013-09-27,Paul Greengrass,8,2020-05-17
347,tt0803096,2020-02-13,2020-02-13,,Warcraft,https://www.imdb.com/title/tt0803096/,movie,6.8,123,2016,"Action, Adventure, Fantasy",247674,2016-05-24,Duncan Jones,6,2020-05-17
348,tt3521126,2020-02-16,2020-02-16,,The Disaster Artist,https://www.imdb.com/title/tt3521126/,movie,7.4,104,2017,"Biography, Comedy, Drama",142658,2017-09-11,James Franco,7,2020-05-17
349,tt8079248,2020-02-16,2020-02-16,,Yesterday,https://www.imdb.com/title/tt8079248/,movie,6.8,116,2019,"Comedy, Fantasy, Music, Romance",128898,2019-05-04,Danny Boyle,7,2020-05-08
350,tt1386588,2020-02-16,2020-02-16,,The Other Guys,https://www.imdb.com/title/tt1386588/,movie,6.6,107,2010,"Action, Comedy, Crime",248814,2010-08-02,Adam McKay,5,2020-05-17
351,tt8856470,2020-03-02,2020-03-02,,Pokémon: Mewtwo Strikes Back - Evolution,https://www.imdb.com/title/tt8856470/,movie,5.7,98,2019,"Animation, Action, Family, Fantasy",4798,2019-07-04,"Motonori Sakakibara, Kunihiko Yuyama, Tetsuo Yajima",5,2020-05-08
352,tt0434409,2020-03-13,2020-03-13,,V for Vendetta,https://www.imdb.com/title/tt0434409/,movie,8.1,132,2005,"Action, Drama, Sci-Fi, Thriller",1054294,2005-12-11,James McTeigue,7,2020-05-17
353,tt6292852,2020-03-25,2020-03-25,,I Am Mother,https://www.imdb.com/title/tt6292852/,movie,6.7,113,2019,"Drama, Mystery, Sci-Fi, Thriller",80724,2019-01-25,Grant Sputore,6,2020-05-10
354,tt1677720,2020-04-02,2020-04-02,,Ready Player One,https://www.imdb.com/title/tt1677720/,movie,7.4,140,2018,"Action, Adventure, Sci-Fi",387007,2018-03-11,Steven Spielberg,7,2020-05-17
355,tt2584384,2020-04-04,2020-04-04,,Jojo Rabbit,https://www.imdb.com/title/tt2584384/,movie,7.9,108,2019,"Comedy, Drama, War",326771,2019-09-08,Taika Waititi,8,2020-05-10
356,tt3381008,2020-04-04,2020-04-04,,Grimsby,https://www.imdb.com/title/tt3381008/,movie,6.2,83,2016,"Action, Adventure, Comedy, Crime, Thriller",95683,2016-02-24,Louis Leterrier,7,2020-05-08
357,tt12078990,2020-04-15,2020-04-15,,La casa de papel: El fenómeno,https://www.imdb.com/title/tt12078990/,tvMovie,7.5,57,2020,Documentary,2596,2020-04-03,"Pablo Lejarreta, Luis Alfaro",5,2020-04-29
358,tt0338013,2020-04-24,2020-04-24,,Eternal Sunshine of the Spotless Mind,https://www.imdb.com/title/tt0338013/,movie,8.3,108,2004,"Drama, Romance, Sci-Fi",934231,2004-03-09,Michel Gondry,7,2020-04-29
359,tt8936646,2020-05-02,2020-05-02,,Extraction,https://www.imdb.com/title/tt8936646/,movie,6.7,116,2020,"Action, Thriller",172259,2020-04-24,Sam Hargrave,7,2020-05-02
360,tt2283336,2020-05-07,2020-05-07,,Men in Black: International,https://www.imdb.com/title/tt2283336/,movie,5.6,114,2019,"Action, Adventure, Comedy, Sci-Fi",119109,2019-06-11,F. Gary Gray,6,2020-05-07
361,tt2854926,2020-05-08,2020-05-08,,Tag,https://www.imdb.com/title/tt2854926/,movie,6.5,100,2018,"Action, Comedy",121251,2018-06-14,Jeff Tomsic,7,2020-05-08
362,tt0055254,2020-05-17,2020-05-17,,One Hundred and One Dalmatians,https://www.imdb.com/title/tt0055254/,movie,7.3,79,1961,"Animation, Adventure, Comedy, Family",157431,1961-01-25,"Hamilton Luske, Clyde Geronimi, Wolfgang Reitherman",7,2020-05-17
363,tt5362988,2020-06-03,2020-06-03,,Wind River,https://www.imdb.com/title/tt5362988/,movie,7.7,107,2017,"Crime, Drama, Mystery, Thriller",216954,2017-01-21,Taylor Sheridan,7,2020-06-03
364,tt0032910,2020-06-04,2020-06-04,,Pinocchio,https://www.imdb.com/title/tt0032910/,movie,7.4,88,1940,"Animation, Comedy, Family, Fantasy, Musical",134754,1940-02-07,"Jack Kinney, Ben Sharpsteen, Hamilton Luske, Wilfred Jackson, T. Hee, Bill Roberts, Norman Ferguson",7,2020-06-04
365,tt2094766,2020-06-17,2020-06-17,,Assassin's Creed,https://www.imdb.com/title/tt2094766/,movie,5.7,115,2016,"Action, Adventure, Sci-Fi",189463,2016-12-13,Justin Kurzel,6,2020-06-17
366,tt0910936,2020-06-26,2020-06-26,,Pineapple Express,https://www.imdb.com/title/tt0910936/,movie,6.9,111,2008,"Action, Comedy, Crime",321821,2008-07-31,David Gordon Green,7,2020-06-26
367,tt1119646,2020-07-03,2020-07-03,,The Hangover,https://www.imdb.com/title/tt1119646/,movie,7.7,100,2009,Comedy,732575,2009-05-30,Todd Phillips,7,2020-07-03
368,tt0118655,2020-07-08,2020-07-08,,Austin Powers: International Man of Mystery,https://www.imdb.com/title/tt0118655/,movie,7.0,94,1997,"Adventure, Comedy",226434,1997-04-29,Jay Roach,7,2020-07-08
369,tt1499658,2020-07-18,2020-07-18,,Horrible Bosses,https://www.imdb.com/title/tt1499658/,movie,6.8,98,2011,"Comedy, Crime",427883,2011-07-08,Seth Gordon,6,2020-07-18
370,tt0145660,2020-07-20,2020-07-20,,Austin Powers: The Spy Who Shagged Me,https://www.imdb.com/title/tt0145660/,movie,6.6,95,1999,"Action, Adventure, Comedy, Crime",220900,1999-06-08,Jay Roach,6,2020-07-20
371,tt3315342,2020-07-24,2020-07-24,,Logan,https://www.imdb.com/title/tt3315342/,movie,8.1,137,2017,"Action, Drama, Sci-Fi, Thriller",673279,2017-02-17,James Mangold,9,2020-05-17
372,tt1560220,2020-08-24,2020-08-24,,Zombieland: Double Tap,https://www.imdb.com/title/tt1560220/,movie,6.7,99,2019,"Action, Comedy, Horror",150671,2019-10-09,Ruben Fleischer,7,2020-08-24
373,tt6723592,2020-08-26,2020-08-26,,Tenet,https://www.imdb.com/title/tt6723592/,movie,7.4,150,2020,"Action, Sci-Fi, Thriller",382327,2020-08-22,Christopher Nolan,9,2020-08-26
374,tt0120812,2020-10-02,2020-10-02,,Rush Hour,https://www.imdb.com/title/tt0120812/,movie,7.0,98,1998,"Action, Comedy, Crime, Thriller",246188,1998-09-18,Brett Ratner,7,2020-10-02
375,tt11464826,2020-10-10,2020-10-10,,The Social Dilemma,https://www.imdb.com/title/tt11464826/,movie,7.6,94,2020,"Documentary, Drama",71866,2020-01-26,Jeff Orlowski,7,2020-10-11
376,tt0349903,2020-10-11,2020-10-11,,Ocean's Twelve,https://www.imdb.com/title/tt0349903/,movie,6.5,125,2004,"Crime, Thriller",366680,2004-12-08,Steven Soderbergh,6,2020-05-10
377,tt1430132,2020-10-11,2020-10-11,,The Wolverine,https://www.imdb.com/title/tt1430132/,movie,6.7,126,2013,"Action, Sci-Fi",438554,2013-07-16,James Mangold,7,2020-10-11
378,tt0892769,2020-10-11,2020-10-11,,How to Train Your Dragon,https://www.imdb.com/title/tt0892769/,movie,8.1,98,2010,"Animation, Action, Adventure, Family, Fantasy",683863,2010-03-18,"Chris Sanders, Dean DeBlois",7,2020-05-17
379,tt0371606,2020-10-11,2020-10-11,,Chicken Little,https://www.imdb.com/title/tt0371606/,movie,5.7,81,2005,"Animation, Adventure, Comedy, Family, Fantasy, Sci-Fi",87737,2005-10-30,Mark Dindal,7,2020-10-11
380,tt1436562,2020-10-11,2020-10-11,,Rio,https://www.imdb.com/title/tt1436562/,movie,6.9,96,2011,"Animation, Adventure, Comedy, Crime, Family, Musical",212183,2011-03-22,Carlos Saldanha,6,2020-10-11
381,tt0268380,2020-10-11,2020-10-11,,Ice Age,https://www.imdb.com/title/tt0268380/,movie,7.5,81,2002,"Animation, Adventure, Comedy, Family, Fantasy",451951,2002-03-12,"Chris Wedge, Carlos Saldanha",8,2020-10-11
382,tt0438097,2020-10-11,2020-10-11,,Ice Age: The Meltdown,https://www.imdb.com/title/tt0438097/,movie,6.8,91,2006,"Animation, Adventure, Comedy, Family, Fantasy",262244,2006-03-29,Carlos Saldanha,7,2020-10-11
383,tt1080016,2020-10-11,2020-10-11,,Ice Age: Dawn of the Dinosaurs,https://www.imdb.com/title/tt1080016/,movie,6.9,94,2009,"Animation, Adventure, Comedy, Family, Fantasy",229611,2009-06-26,"Mike Thurmeier, Carlos Saldanha",6,2020-10-11
384,tt0397892,2020-10-11,2020-10-11,,Bolt,https://www.imdb.com/title/tt0397892/,movie,6.8,96,2008,"Animation, Adventure, Comedy, Family, Fantasy",195383,2008-11-17,"Byron Howard, Chris Williams",6,2020-10-11
385,tt0046183,2020-10-11,2020-10-11,,Peter Pan,https://www.imdb.com/title/tt0046183/,movie,7.3,77,1953,"Animation, Adventure, Family, Fantasy, Musical",130021,1953-02-05,"Jack Kinney, Clyde Geronimi, Wilfred Jackson, Hamilton Luske",7,2020-10-11
386,tt0287635,2020-10-11,2020-10-11,,Poketto monsutâ: Serebî - Toki wo koeta deai,https://www.imdb.com/title/tt0287635/,movie,5.8,75,2001,"Animation, Action, Adventure, Family, Fantasy, Sci-Fi",8048,2001-07-07,"Kunihiko Yuyama, Jim Malone",7,2020-10-11
387,tt1190080,2020-10-11,2020-10-11,,2012,https://www.imdb.com/title/tt1190080/,movie,5.8,158,2009,"Action, Adventure, Sci-Fi",359880,2009-11-11,Roland Emmerich,5,2020-10-11
388,tt2294629,2020-10-11,2020-10-11,,Frozen,https://www.imdb.com/title/tt2294629/,movie,7.4,102,2013,"Animation, Adventure, Comedy, Family, Fantasy, Musical",584484,2013-11-10,"Jennifer Lee, Chris Buck",6,2020-10-11
389,tt0120917,2020-10-11,2020-10-11,,The Emperor's New Groove,https://www.imdb.com/title/tt0120917/,movie,7.4,78,2000,"Animation, Adventure, Comedy, Family, Fantasy",186415,2000-12-10,Mark Dindal,7,2020-10-11
390,tt0033563,2020-10-11,2020-10-11,,Dumbo,https://www.imdb.com/title/tt0033563/,movie,7.2,64,1941,"Animation, Adventure, Drama, Family, Musical",122498,1941-10-23,"Jack Kinney, Samuel Armstrong, Ben Sharpsteen, Wilfred Jackson, John Elliotte, Bill Roberts, Norman Ferguson",7,2020-10-11
391,tt0338348,2020-10-11,2020-10-11,,The Polar Express,https://www.imdb.com/title/tt0338348/,movie,6.6,100,2004,"Animation, Adventure, Comedy, Family, Fantasy, Musical",184393,2004-10-21,Robert Zemeckis,7,2020-10-11
392,tt0067992,2020-10-11,2020-10-11,,Willy Wonka & the Chocolate Factory,https://www.imdb.com/title/tt0067992/,movie,7.8,100,1971,"Family, Fantasy, Musical",183677,1971-06-28,Mel Stuart,7,2020-10-11
393,tt0120630,2020-10-11,2020-10-11,,Chicken Run,https://www.imdb.com/title/tt0120630/,movie,7.0,84,2000,"Animation, Adventure, Comedy, Drama, Family",180666,2000-06-17,"Peter Lord, Nick Park",7,2020-10-11
394,tt0312004,2020-10-11,2020-10-11,,The Curse of the Were-Rabbit,https://www.imdb.com/title/tt0312004/,movie,7.4,85,2005,"Animation, Adventure, Comedy, Family, Fantasy, Horror, Mystery, Sci-Fi",128102,2005-09-04,"Steve Box, Nick Park",7,2020-10-11
395,tt0424095,2020-10-11,2020-10-11,,Flushed Away,https://www.imdb.com/title/tt0424095/,movie,6.6,85,2006,"Animation, Adventure, Comedy, Family, Fantasy, Romance",116678,2006-10-22,"Sam Fell, David Bowers",6,2020-10-11
396,tt0366548,2020-10-11,2020-10-11,,Happy Feet,https://www.imdb.com/title/tt0366548/,movie,6.4,108,2006,"Animation, Adventure, Comedy, Family, Music, Musical, Romance",174022,2006-11-16,"Judy Morris, Warren Coleman, George Miller",8,2020-10-11
397,tt0099785,2020-10-11,2020-10-11,,Home Alone,https://www.imdb.com/title/tt0099785/,movie,7.6,103,1990,"Comedy, Family",500033,1990-11-10,Chris Columbus,7,2020-10-11
398,tt7846844,2020-10-18,2020-10-18,,Enola Holmes,https://www.imdb.com/title/tt7846844/,movie,6.6,123,2020,"Action, Adventure, Crime, Drama, Mystery",143373,2020-09-23,Harry Bradbeer,6,2020-11-18
399,tt0232500,2020-12-22,2020-12-22,,The Fast and the Furious,https://www.imdb.com/title/tt0232500/,movie,6.8,106,2001,"Action, Crime, Thriller",360955,2001-06-18,Rob Cohen,6,2020-12-22
400,tt10539608,2020-12-24,2020-12-24,,The Midnight Sky,https://www.imdb.com/title/tt10539608/,movie,5.6,118,2020,"Drama, Fantasy, Sci-Fi, Thriller",75315,2020-12-09,George Clooney,6,2020-12-24
401,tt0164334,2021-01-05,2021-01-05,,Along Came a Spider,https://www.imdb.com/title/tt0164334/,movie,6.4,104,2001,"Drama, Thriller",79378,2001-04-02,Lee Tamahori,6,2021-01-05
402,tt5439796,2021-01-10,2021-01-10,,Logan Lucky,https://www.imdb.com/title/tt5439796/,movie,7.0,118,2017,"Comedy, Crime, Drama",136976,2017-08-07,Steven Soderbergh,8,2020-05-17
403,tt0463985,2021-01-16,2021-01-16,,The Fast and the Furious: Tokyo Drift,https://www.imdb.com/title/tt0463985/,movie,6.0,104,2006,"Action, Crime, Thriller",251840,2006-06-04,Justin Lin,5,2021-01-16
404,tt1013752,2021-01-19,2021-01-19,,Fast & Furious,https://www.imdb.com/title/tt1013752/,movie,6.6,107,2009,"Action, Thriller",270512,2009-03-12,Justin Lin,6,2021-01-19
405,tt1596343,2021-01-23,2021-01-23,,Fast Five,https://www.imdb.com/title/tt1596343/,movie,7.3,130,2011,"Action, Adventure, Crime, Thriller",361482,2011-04-15,Justin Lin,7,2021-01-23
406,tt1905041,2021-01-29,2021-01-29,,Furious 6,https://www.imdb.com/title/tt1905041/,movie,7.0,130,2013,"Action, Adventure, Thriller",376576,2013-05-07,Justin Lin,6,2021-01-29
407,tt2820852,2021-01-31,2021-01-31,,Fast & Furious 7,https://www.imdb.com/title/tt2820852/,movie,7.1,137,2015,"Action, Adventure, Thriller",369074,2015-03-16,James Wan,7,2021-01-31
408,tt4630562,2021-02-04,2021-02-04,,The Fate of the Furious,https://www.imdb.com/title/tt4630562/,movie,6.6,136,2017,"Action, Adventure, Crime, Thriller",213845,2017-04-04,F. Gary Gray,7,2021-02-04
409,tt0108065,2021-02-06,2021-02-06,,Searching for Bobby Fischer,https://www.imdb.com/title/tt0108065/,movie,7.4,109,1993,"Biography, Drama, Sport",37133,1993-08-11,Steven Zaillian,8,2021-02-06
410,tt1483013,2021-02-20,2021-02-20,,Oblivion,https://www.imdb.com/title/tt1483013/,movie,7.0,124,2013,"Action, Adventure, Sci-Fi",494917,2013-03-26,Joseph Kosinski,7,2021-02-20
411,tt0120855,2021-02-27,2021-02-27,,Tarzan,https://www.imdb.com/title/tt0120855/,movie,7.3,88,1999,"Animation, Adventure, Family",209364,1999-06-12,"Kevin Lima, Chris Buck",7,2021-02-27
412,tt1152836,2021-04-27,2021-04-27,,Public Enemies,https://www.imdb.com/title/tt1152836/,movie,7.0,140,2009,"Biography, Crime, Drama, History",287161,2009-06-18,Michael Mann,8,2021-04-27
413,tt8760684,2021-04-28,2021-04-28,,Apollo 11,https://www.imdb.com/title/tt8760684/,movie,8.2,93,2019,"Documentary, History",23434,2019-01-24,Todd Douglas Miller,9,2021-04-28
414,tt0029583,2021-05-03,2021-05-03,,Snow White and the Seven Dwarfs,https://www.imdb.com/title/tt0029583/,movie,7.6,83,1937,"Animation, Family, Fantasy, Musical, Romance",185606,1937-12-21,"William Cottrell, David Hand, Perce Pearce, Ben Sharpsteen, Wilfred Jackson, Larry Morey",7,2021-05-03
415,tt0478970,2021-05-03,2021-05-03,,Ant-Man,https://www.imdb.com/title/tt0478970/,movie,7.3,117,2015,"Action, Adventure, Comedy, Sci-Fi",593582,2015-06-29,Peyton Reed,6,2021-05-03
416,tt1772341,2021-05-03,2021-05-03,,Wreck-It Ralph,https://www.imdb.com/title/tt1772341/,movie,7.7,101,2012,"Animation, Adventure, Comedy, Family, Fantasy",389820,2012-11-01,Rich Moore,7,2021-05-03
417,tt0795421,2021-05-03,2021-05-03,,Mamma Mia!,https://www.imdb.com/title/tt0795421/,movie,6.4,108,2008,"Comedy, Musical, Romance",223269,2008-06-30,Phyllida Lloyd,5,2021-05-03
418,tt0117008,2021-05-03,2021-05-03,,Matilda,https://www.imdb.com/title/tt0117008/,movie,6.9,98,1996,"Comedy, Family, Fantasy",135025,1996-07-28,Danny DeVito,6,2021-05-03
419,tt0435286,2021-05-08,2021-05-08,,Gekijouban Poketto monsutâ Adobansu jenerêshon: Rekkuu no houmonsha Deokishisu,https://www.imdb.com/title/tt0435286/,movie,6.1,98,2004,"Animation, Action, Adventure, Drama, Family, Fantasy, Sci-Fi",3566,2004-07-17,"Darren Dunstan, Kunihiko Yuyama",6,2021-05-08
420,tt0448115,2021-05-22,2021-05-22,,Shazam!,https://www.imdb.com/title/tt0448115/,movie,7.0,132,2019,"Action, Adventure, Comedy, Fantasy",282968,2019-03-25,David F. Sandberg,7,2021-05-22
421,tt0190641,2021-05-25,2021-05-25,,Gekijô-ban poketto monsutâ - Myûtsû no gyakushû,https://www.imdb.com/title/tt0190641/,movie,6.3,96,1998,"Animation, Action, Adventure, Family, Fantasy, Sci-Fi, Sport",40880,1998-07-18,"Michael Haigney, Kunihiko Yuyama",7,2021-05-25
422,tt0332452,2021-06-04,2021-06-04,,Troy,https://www.imdb.com/title/tt0332452/,movie,7.2,163,2004,"Drama, History",499233,2004-05-09,Wolfgang Petersen,8,2021-06-04
423,tt0268978,2021-07-10,2021-07-10,,A Beautiful Mind,https://www.imdb.com/title/tt0268978/,movie,8.2,135,2001,"Biography, Drama",870232,2001-12-13,Ron Howard,7,2021-07-10
424,tt0117060,2021-07-12,2021-07-12,,Mission: Impossible,https://www.imdb.com/title/tt0117060/,movie,7.1,110,1996,"Action, Adventure, Thriller",397192,1996-05-20,Brian De Palma,8,2021-07-12
425,tt0120755,2021-07-13,2021-07-13,,Mission: Impossible II,https://www.imdb.com/title/tt0120755/,movie,6.1,123,2000,"Action, Adventure, Thriller",321433,2000-05-18,John Woo,6,2021-07-13
426,tt0317919,2021-07-14,2021-07-14,,Mission: Impossible III,https://www.imdb.com/title/tt0317919/,movie,6.9,126,2006,"Action, Adventure, Thriller",336884,2006-04-24,J.J. Abrams,7,2021-07-14
